country_name,country_iso3,year,agricultural_land_pct,crop_production_idx,food_production_idx,cereal_yield_kg_per_hectare,food_cpi_2010_base_100,gdp_per_capita_usd,population_growth_annual_pct,population_total,population_urban_pct,food_imports_pct_merch,food_exports_pct_merch
Benin,BEN,2001,28.9067843206811,58.82,55.69,1069.3,77.2935520075027,492.401499509072,3.05435506649292,7445596.0,38.65,20.3607308180196,19.0624038417329
Benin,BEN,2002,29.8628857750976,67.84,65.18,1131.1,79.2175140068504,546.463829658159,3.04010801597376,7675426.0,39.036,23.8763238350293,30.9589519745319
Benin,BEN,2003,30.7821656615821,65.17,62.51,1148.7,80.3956705120688,676.002878084282,3.04920259714654,7913070.0,39.536,24.2141983835193,18.5907825318844
Benin,BEN,2004,30.6779443064917,69.9,66.41,1146.0,81.0982409050891,758.695803786371,3.06173106096489,8159094.0,40.039,24.5653739246321,18.332911787217
Benin,BEN,2005,30.8048244058177,63.45,66.7,1136.4,85.448772954176,779.437777753268,3.22061199704122,8426144.0,40.543,29.9420417539947,25.8985192888046
Benin,BEN,2006,29.6144554806669,57.39,59.03,1190.5,88.6805967620689,809.147072506221,3.12066888297415,8693242.0,41.049,30.6782819142083,39.3160841942934
Benin,BEN,2007,29.9672224192976,59.98,61.04,1286.0,89.8317313290945,912.338247188342,2.95509554727715,8953969.0,41.558,31.1594419521255,38.0416297041752
Benin,BEN,2008,31.7833628946435,72.28,74.43,1158.7,96.9709273997076,1060.60254502099,3.01959398464251,9228466.0,42.069,36.1361186365244,30.1095079877502
Benin,BEN,2009,33.170672224193,74.79,77.51,1423.5,97.8398570732499,1024.10277858112,2.99903642214246,9509423.0,42.58,31.0940349253234,49.2970165944412
Benin,BEN,2010,30.9253636041149,75.76,80.51,1200.6,100.0,973.244254931526,2.98424162798508,9797484.0,43.093,38.6401240229343,67.5990364408471
Benin,BEN,2011,32.0979514012061,83.11,84.97,1517.8,102.704239077473,1059.41358852588,2.97782202797765,10093623.0,43.608,33.920597278289,38.0634234384414
Benin,BEN,2012,33.3912380276694,88.88,91.68,1373.2,109.6313139516,1071.5258366283,2.96766540040992,10397657.0,44.125,37.8897950446574,40.3415899650287
Benin,BEN,2013,35.3010287335935,97.66,99.15,1479.6,110.101510475881,1168.92699279226,2.94885160135819,10708834.0,44.642,40.3325617827368,36.9454692297006
Benin,BEN,2014,35.4549663001064,103.67,103.07,1460.3,109.497320123437,1204.39918670094,2.9550187594558,11030004.0,45.166,45.8483706311581,29.8589232644711
Benin,BEN,2015,36.122942532813,92.24,94.87,1336.7,109.736884846516,1002.41886879614,2.95391627666724,11360681.0,45.695,40.2019861251514,31.8474689371129
Benin,BEN,2016,34.3804984036893,104.08,102.05,1455.9,108.86633100536,1010.5338961993,2.92460216679542,11697842.0,46.229,50.4878399953627,33.4189479871795
Benin,BEN,2017,36.3017018446258,110.4,104.57,1405.4,108.913431866169,1054.97408066814,2.88117869411855,12039780.0,46.768,52.3113311553297,33.5756201599971
Benin,BEN,2018,39.5602039730401,117.28,109.45,1428.5,109.914532239727,1151.7409703472,2.8136418840483,12383347.0,47.312,46.9193864424986,37.2550158016343
Benin,BEN,2019,41.071385242994,124.87,117.25,1238.3,110.720040198149,1130.82135339795,2.73538842831436,12726755.0,47.861,38.4400102736487,29.0248887182847
Benin,BEN,2020,39.3140173820504,122.58,113.88,1432.8,114.066798322144,1200.19426631122,2.66259875153288,13070169.0,48.415,32.9310603115432,25.0681968024282
Benin,BEN,2021,41.002345689961,129.62,121.75,1408.6,116.04419147224,1318.65158107487,2.59230167510348,13413417.0,48.972,35.1194769385301,19.8939876347536
Burkina Faso,BFA,2001,41.4508355263158,45.13,52.81,967.8,78.6665733778311,259.485223380436,3.05099351122556,12295001.0,18.54,14.9826505696802,21.3539699993842
Burkina Faso,BFA,2002,41.9180522660819,45.68,53.28,942.7,80.378117929379,285.654087637533,3.09039308299234,12680897.0,19.258,21.2879841796361,19.4428911914734
Burkina Faso,BFA,2003,42.385269005848,50.21,60.3,996.3,82.0134635796595,362.373899996953,3.11812174449527,13082532.0,19.996,19.0754191229528,18.5598169338571
Burkina Faso,BFA,2004,42.9073099415205,46.31,56.81,940.7,81.6852221588147,403.81283743461,3.14512608695879,13500533.0,20.757,17.553261341026,18.4078597372363
Burkina Faso,BFA,2005,43.4256962719298,56.92,63.55,1127.2,86.9253619844447,441.164148016012,3.14680149143287,13932123.0,21.537,18.2849854295953,16.3674968047749
Burkina Faso,BFA,2006,43.9294627192982,58.58,64.85,1203.9,88.9534250489503,455.513655620024,3.12034537509581,14373707.0,22.339,,
Burkina Faso,BFA,2007,44.407644371345,46.65,62.98,936.1,88.7482741609223,514.684451177238,3.03277637197036,14816307.0,22.996,14.8371352126624,19.6736110199614
Burkina Faso,BFA,2008,44.9132383040936,68.17,75.27,1039.9,98.2086608259859,619.437533256264,2.93816522811728,15258093.0,23.534,14.8656582394092,20.0959102723672
Burkina Faso,BFA,2009,45.4371067251462,59.28,73.32,1002.0,100.770116199365,601.569520671859,2.91916025918168,15710066.0,24.079,14.3615791170105,12.1450857880664
Burkina Faso,BFA,2010,46.0212825292398,69.87,81.81,1062.7,100.0,624.957252224766,2.92577947499021,16176498.0,24.633,13.9964911579613,10.1007194017002
Burkina Faso,BFA,2011,46.7589671052632,62.46,78.41,995.1,102.759767248545,725.024767725475,2.95657078370668,16661908.0,25.196,14.7481548677918,8.45067979580038
Burkina Faso,BFA,2012,47.3285230263158,76.15,85.38,1203.0,106.683291770574,731.470138867833,3.0171707485343,17172287.0,25.767,13.1227319035261,8.02973633410215
Burkina Faso,BFA,2013,48.1173768274854,91.77,95.99,1156.5,107.252701579385,759.762065168498,3.00083639274971,17695409.0,26.346,12.0160498928872,12.4312743805049
Burkina Faso,BFA,2014,48.686932748538,99.64,98.87,1225.8,106.975893599335,764.861675106225,2.9733794200807,18229461.0,26.934,12.6808655781188,11.9195432397622
Burkina Faso,BFA,2015,49.293038377193,98.08,99.77,1168.9,107.751296576491,630.124750752312,2.96196306547686,18777487.0,27.53,13.6105485218095,16.4645833580554
Burkina Faso,BFA,2016,49.8260445906433,102.28,101.36,1136.8,108.226524455215,663.742364842886,2.92508251378454,19334856.0,28.134,13.6826300581823,12.8766421142816
Burkina Faso,BFA,2017,50.3590508040936,95.51,95.84,1009.0,109.831522699898,709.091535894695,2.85291595529266,19894407.0,28.743,12.2199184238571,13.5208170856727
Burkina Faso,BFA,2018,51.1844543128655,107.71,112.06,1152.3,111.979764709293,777.465618514048,2.69713675384815,20438288.0,29.358,12.1553570934943,14.5404922659538
Burkina Faso,BFA,2019,51.6809108187134,116.48,119.25,1156.1,108.359022934412,764.853077774946,2.52989803984158,20961952.0,29.98,10.7388765383673,9.89528813450804
Burkina Faso,BFA,2020,52.1590924707602,123.49,117.73,1261.7,110.40098363882,825.237038782475,2.43522959287393,21478690.0,30.607,11.6356204029884,6.79282048247422
Burkina Faso,BFA,2021,52.6920986842105,111.24,109.25,1095.7,114.434519867232,895.535288442991,2.37649218888363,21995243.0,31.24,11.6783614787847,6.74699489343276
Cabo Verde,CPV,2001,18.3622828784119,97.26,97.54,637.3,81.3002967857461,1223.33055331575,1.52715832330257,460293.0,54.291,33.7409483757171,3.47131397669531
Cabo Verde,CPV,2002,18.6104218362283,88.87,91.67,148.5,82.8324286026988,1328.57874270666,1.45645106544752,467046.0,55.146,29.8187239229832,6.13187589846505
Cabo Verde,CPV,2003,18.6104218362283,92.57,92.17,379.2,83.8166189895307,1717.97565369655,1.34770321112892,473383.0,55.997,30.7560616633405,6.398571406792
Cabo Verde,CPV,2004,18.8585607940447,91.17,94.58,385.2,82.2317961501407,1929.49081468781,1.25679558194683,479370.0,56.846,30.2069856600229,10.3825847849149
Cabo Verde,CPV,2005,18.8585607940447,87.86,93.4,243.2,82.5762582473138,2004.14680417563,1.19132344131983,485115.0,57.689,30.505796380265,44.1658251404186
Cabo Verde,CPV,2006,18.8585607940447,89.17,91.64,218.0,87.009841029523,2256.99666191075,1.15040265762577,490728.0,58.529,29.1714029575659,62.1249762066331
Cabo Verde,CPV,2007,18.8585607940447,98.97,97.89,158.8,90.8478425435276,3324.57675212498,1.10689150817132,496190.0,59.363,25.6865014933414,40.8195033558662
Cabo Verde,CPV,2008,19.3548387096774,91.43,91.88,233.8,97.002271006813,3908.64885822576,1.03555151023311,501355.0,60.194,27.6576815135857,
Cabo Verde,CPV,2009,19.3548387096774,89.68,95.51,230.8,97.9636638909916,3659.72046361628,0.950085360363308,506141.0,61.016,29.4438689422713,72.6337233317281
Cabo Verde,CPV,2010,19.3548387096774,87.65,92.52,220.0,100.0,3579.46006137809,0.717181999615317,509784.0,61.821,27.7459586227402,81.6089452876872
Cabo Verde,CPV,2011,19.6029776674938,100.06,96.86,177.8,104.47388342165,4002.01386888785,0.325685661710053,511447.0,62.322,25.3956669143904,83.7497871041026
Cabo Verde,CPV,2012,19.6029776674938,104.42,100.35,196.2,107.127934238569,3736.81517011087,0.0992767342106355,511955.0,62.821,27.9386991242578,87.0898117723144
Cabo Verde,CPV,2013,19.6029776674938,109.56,104.66,182.3,108.741862479707,3960.97596791345,0.052725108136232,512225.0,63.317,32.1516859089998,86.0895445845
Cabo Verde,CPV,2014,19.6029776674938,100.53,99.26,34.3,108.48221067765,3985.60706548134,0.0197159536864678,512326.0,63.81,28.4421586004644,86.0617310882531
Cabo Verde,CPV,2015,19.6029776674938,101.41,100.69,276.5,108.624526319136,3415.06266730931,0.0132719182020122,512394.0,64.3,32.4650529556349,86.1398949445465
Cabo Verde,CPV,2016,19.6029776674938,98.06,100.05,178.0,107.095292454784,3608.96605234906,0.0312210963482392,512554.0,64.784,30.8701655531076,83.5701100775533
Cabo Verde,CPV,2017,19.6029776674938,91.26,87.69,0.1,107.935364262011,3893.09571382506,0.0661175101881539,512893.0,65.261,30.0997528072801,77.3238724515199
Cabo Verde,CPV,2018,19.6029776674938,72.04,73.43,22.7,109.292107113842,4294.96510035729,0.101723857752759,513415.0,65.732,30.1994885008568,83.4565585703182
Cabo Verde,CPV,2019,19.6029776674938,70.18,73.93,23.2,110.501606515952,4380.78117331128,0.134109462358547,514104.0,66.195,19.7766587982554,80.982337041118
Cabo Verde,CPV,2020,19.6029776674938,69.34,75.67,15.7,111.171020616435,3539.22661248299,0.11178257414313,514679.0,66.652,21.9844405841014,84.5229021160034
Cabo Verde,CPV,2021,19.6029776674938,70.52,75.92,16.3,113.241195084123,3971.44409203423,0.38203217521266,516649.0,67.102,21.2428463226937,87.4099814116242
Cote d'Ivoire,CIV,2001,60.5841698113208,67.51,69.16,1719.9,78.5082568831034,924.727294962066,2.67539291726228,18178913.0,43.568,21.0852870794468,53.177900649237
Cote d'Ivoire,CIV,2002,60.9599433962264,67.38,67.86,1750.9,80.9241638777508,967.815864415991,2.58396350857445,18654771.0,43.983,22.5827907280846,58.4467754248778
Cote d'Ivoire,CIV,2003,61.0849088050314,66.76,67.61,1827.0,83.5920777572989,1111.17135087887,2.49227881118865,19125542.0,44.399,22.4906253801467,54.8603978767471
Cote d'Ivoire,CIV,2004,63.403606918239,67.93,70.7,1853.9,84.8108405175449,1199.82524528546,2.42497124712807,19595000.0,44.817,17.1976904370795,45.2715250569902
Cote d'Ivoire,CIV,2005,64.1655880503145,70.99,72.15,1836.3,88.1064459399084,1197.74616979415,2.38748971138117,20068458.0,45.234,14.6207860960417,38.2238764929337
Cote d'Ivoire,CIV,2006,65.0364025157233,73.53,75.15,1827.9,90.2802006727279,1230.43056838584,2.35559796287643,20546802.0,45.652,17.2835431554942,35.0536743512874
Cote d'Ivoire,CIV,2007,66.0606006289308,70.56,71.95,1569.4,91.9883077512367,1367.53817722326,2.3271214491968,21030558.0,46.071,17.4065188360687,39.4818365622834
Cote d'Ivoire,CIV,2008,65.7955125786164,74.37,77.42,1735.0,97.7914156186894,1583.97066701372,2.27477682329573,21514439.0,46.491,19.6128646777742,40.238738174851
Cote d'Ivoire,CIV,2009,65.6981257861635,69.34,72.05,1711.5,98.7884035771395,1540.45393569596,2.22245214914258,21997940.0,46.91,23.1919004111559,47.1787969738216
Cote d'Ivoire,CIV,2010,65.7358081761006,73.51,75.95,2270.5,100.0,1553.54887048143,2.20359114199838,22488065.0,47.33,19.2460056507178,48.635197181022
Cote d'Ivoire,CIV,2011,66.200179245283,76.14,77.72,1882.8,104.912433950525,1596.62826565998,2.17265768049368,22982000.0,47.751,25.1280174581878,48.0286573795314
Cote d'Ivoire,CIV,2012,68.963858490566,83.12,83.99,2079.8,106.281028400716,1546.9460184731,2.08872019159152,23467078.0,48.172,20.0116663868356,43.9958769512185
Cote d'Ivoire,CIV,2013,70.8868805031447,85.71,86.32,2176.6,109.024322817415,1786.15862031324,1.99427988380631,23939775.0,48.593,14.5200385287569,38.1518007366543
Cote d'Ivoire,CIV,2014,72.5917201257862,94.35,94.7,2206.9,109.513495413212,1991.36539423404,2.42493545476417,24527395.0,49.014,16.8423512990381,47.8124642262922
Cote d'Ivoire,CIV,2015,76.9368119496855,104.58,104.41,2200.3,110.884056313105,1814.71855088017,2.88906178023194,25246342.0,49.444,17.5692676559409,53.3127471576279
Cote d'Ivoire,CIV,2016,75.4266364779874,101.08,100.89,2219.8,111.685945921178,1862.59597081287,2.90076810314127,25989405.0,49.881,21.520688655588,58.7162310885467
Cote d'Ivoire,CIV,2017,77.7044808176101,111.1,109.42,2247.4,112.451978676858,1964.29930338343,2.82237176165589,26733372.0,50.326,20.9293744697827,55.3419949882442
Cote d'Ivoire,CIV,2018,81.3420738993711,116.99,114.55,2254.4,112.856141244189,2130.86619381144,2.69696827034562,27464173.0,50.779,21.0509451648051,56.5222914836989
Cote d'Ivoire,CIV,2019,81.5248,121.5,116.76,2263.2,111.606977877028,2141.76836170115,2.61916841176218,28193009.0,51.239,21.3625721757374,52.8960824370988
Cote d'Ivoire,CIV,2020,82.6258229559748,125.74,119.18,2180.7,114.313454421135,2179.72934832935,2.53019803537112,28915449.0,51.706,21.5850332928208,56.5280195698366
Cote d'Ivoire,CIV,2021,84.3928672955975,129.93,119.97,2237.2,118.991105987766,2455.98127626488,2.47398737434864,29639736.0,52.18,21.9969486166126,53.4342737156382
"Gambia, The",GMB,2001,47.8260869565217,136.64,117.03,1292.5,53.261091598188,459.803068381399,2.70699337593192,1495011.0,48.775,40.9989776196766,92.2067095829676
"Gambia, The",GMB,2002,48.5177865612648,80.9,79.77,966.5,57.8464054138192,376.531026962584,2.68468779375919,1535691.0,49.683,37.1017349758859,97.8645604126096
"Gambia, The",GMB,2003,46.5415019762846,105.41,99.12,1207.7,67.6993064479928,308.719123437587,2.69312348458537,1577611.0,50.555,37.5997189415948,85.9495761666851
"Gambia, The",GMB,2004,47.2332015810277,134.21,119.63,1179.0,77.3171731204846,593.285346326581,2.73240205558954,1621312.0,51.288,40.8419087092408,96.1881529078095
"Gambia, The",GMB,2005,47.9249011857708,113.58,105.74,1047.4,81.0582586952405,616.483657865348,2.78121010687734,1667037.0,52.02,37.7289187149481,96.7340513587541
"Gambia, The",GMB,2006,49.0118577075099,120.99,111.2,1033.0,82.7252245604672,614.544307904464,2.852561853424,1715275.0,52.751,31.1899749109051,94.144710893805
"Gambia, The",GMB,2007,49.0118577075099,83.16,86.12,805.3,87.1668533294479,724.726407242432,2.90157035551494,1765774.0,53.481,30.8678394372224,93.8532900742355
"Gambia, The",GMB,2008,55.9288537549407,125.18,115.32,983.5,91.0402474868351,859.127671411226,2.90664631280342,1817852.0,54.211,33.6226822428083,75.1737291041452
"Gambia, The",GMB,2009,61.4624505928854,150.82,133.75,1058.1,95.1930546365208,774.888030908091,2.90429853945953,1871422.0,54.937,39.0127342456712,81.2880109147838
"Gambia, The",GMB,2010,63.6363636363636,171.86,147.52,1136.4,100.0,801.033372714536,2.90737929979677,1926630.0,55.662,45.4547281010804,88.9757538344917
"Gambia, The",GMB,2011,63.6363636363636,102.57,99.71,879.6,104.795882661831,710.608411468152,2.92337692748517,1983784.0,56.384,32.8406257309779,83.2179422333949
"Gambia, The",GMB,2012,63.6363636363636,131.33,119.79,920.5,109.254236951057,692.579361628102,2.94591935774346,2043094.0,57.105,33.1841807085246,54.0891278802364
"Gambia, The",GMB,2013,63.6363636363636,116.79,109.71,969.6,115.48077783219,653.862713272743,2.92894143394412,2103820.0,57.82,37.2824309455002,91.911955505646
"Gambia, The",GMB,2014,63.6363636363636,97.31,98.01,753.4,122.349573755068,568.00453558864,2.84475839442236,2164528.0,58.528,41.0232109723769,49.4441022113445
"Gambia, The",GMB,2015,63.6363636363636,110.52,108.07,800.2,130.679689360556,619.536364296461,2.73428839872651,2224529.0,59.228,37.3424837563614,82.4691526979466
"Gambia, The",GMB,2016,63.6363636363636,92.17,93.93,743.9,140.126253232327,650.056501323611,2.62819405087404,2283769.0,59.918,43.033803801892,86.8558888364661
"Gambia, The",GMB,2017,62.6482213438735,76.03,80.78,634.2,151.384262300215,642.522641296331,2.52588138504562,2342189.0,60.599,33.0354914197728,73.390209797813
"Gambia, The",GMB,2018,62.6482213438735,46.9,56.75,536.8,161.255981964361,696.219806960615,2.42294300881827,2399632.0,61.27,32.235941932741,86.2427246979966
"Gambia, The",GMB,2019,62.6482213438735,56.47,62.04,461.4,172.730435584882,738.186751987483,2.35622071960344,2456844.0,61.931,33.1605556156461,44.0673819341004
"Gambia, The",GMB,2020,62.6482213438735,59.57,63.22,656.3,182.975555086968,720.335143352133,2.3686612920428,2515733.0,62.582,28.8139237329338,88.3215858475815
"Gambia, The",GMB,2021,62.6482213438735,63.04,65.74,1056.8,196.461489499352,781.890925169531,2.36774778418782,2576010.0,63.222,23.0608669245295,41.822899188151
Ghana,GHA,2001,56.6846743429727,53.67,54.25,1186.1,27.1816389781647,263.542156494853,2.6631054412646,20167069.0,44.601,18.1992163313309,33.2685990468478
Ghana,GHA,2002,57.3546607189945,59.72,60.07,1349.0,29.7260938269276,297.46164468774,2.75013769977312,20729388.0,45.275,19.5641722154173,
Ghana,GHA,2003,55.3358934692801,62.29,62.42,1396.4,38.5764377123893,358.39927142073,2.69999623325849,21296705.0,45.951,16.1023479327627,40.1737817595415
Ghana,GHA,2004,52.1647793794498,64.91,64.59,1373.3,45.536683616152,406.132105329565,2.64856422445373,21868298.0,46.63,20.7803532130101,52.0139106724686
Ghana,GHA,2005,53.263512349477,66.73,66.33,1432.3,52.5670885638145,478.611909191028,2.62275723095941,22449438.0,47.308,13.8967790461099,37.1333356601733
Ghana,GHA,2006,52.930439922651,68.47,68.26,1334.5,58.7064955286905,906.441027564887,2.59967236461776,23040702.0,47.988,13.4481786821341,41.9422251952546
Ghana,GHA,2007,54.8134481849345,66.27,66.65,1317.0,65.008207238338,1050.12461524926,2.57742881770877,23642279.0,48.669,14.3991098576178,36.7226272774691
Ghana,GHA,2008,52.75890261053,74.55,74.63,1598.1,75.7310767414419,1182.65761256016,2.5377798286274,24249946.0,49.351,14.7565513004193,34.91508423828
Ghana,GHA,2009,54.1024233101872,82.22,81.98,1659.8,90.3069978698952,1047.70430093586,2.49528498609835,24862664.0,50.031,16.336731038405,25.5868406468772
Ghana,GHA,2010,54.4978377428144,83.88,83.94,1814.3,100.0,1263.89251760539,2.43301424000427,25474995.0,50.713,15.3319197029094,21.6255977564054
Ghana,GHA,2011,54.0909101696405,87.35,87.25,1594.2,108.72845937093,1507.43573198753,2.40497145453178,26095088.0,51.394,15.4000827958104,20.2034171647217
Ghana,GHA,2012,54.277658433682,92.32,92.17,1768.1,120.891195539437,1543.77524235764,2.4199090803465,26734268.0,52.073,13.867723380365,16.6766837990233
Ghana,GHA,2013,54.7731216489409,94.97,94.83,1688.8,134.994594893508,2294.79584693743,2.40927930949909,27386193.0,52.748,16.8214830673867,18.3996438124137
Ghana,GHA,2014,54.3845249186956,99.33,99.06,1703.4,155.904739308264,1949.90832923846,2.36498553072391,28041592.0,53.419,20.7085709026088,26.9518407983255
Ghana,GHA,2015,54.564096422607,99.62,99.74,1830.3,182.642354549914,1722.77282833606,2.30712733064921,28696068.0,54.086,15.1631137091062,34.7618505812009
Ghana,GHA,2016,54.3110758547948,101.05,101.19,1842.4,214.521910357024,1912.47991339951,2.27621203911157,29356742.0,54.749,14.6049033294353,29.9767509831834
Ghana,GHA,2017,53.1069873428848,108.02,107.89,1930.7,241.062392815469,2012.28662641265,2.19535792776401,30008354.0,55.407,18.2916723569764,23.8521143659684
Ghana,GHA,2018,53.694038850312,113.29,113.03,2172.6,259.886388974227,2195.32166016377,2.07517136640112,30637585.0,56.06,20.0673120919156,26.0573693808911
Ghana,GHA,2019,54.8490737607292,119.88,119.42,2346.2,278.45173709811,2186.65822682613,2.00780519953703,31258945.0,56.707,17.406953900926,21.9804916262231
Ghana,GHA,2020,55.393750274689,123.03,122.4,2410.8,305.983066637367,2195.45481659987,1.99181985149439,31887809.0,57.349,,
Ghana,GHA,2021,55.393019913595,131.73,130.54,2360.5,336.492909542398,2445.18662529344,1.95904584379494,32518665.0,57.985,17.4030499021968,25.3242442958514
Guinea,GIN,2001,57.2297574475012,59.14,55.11,1483.0,,483.085120214741,1.3098114321983,8539960.0,31.144,23.4879911036672,1.94683351237485
Guinea,GIN,2002,57.3726965651962,61.9,58.16,1487.2,,495.916073559269,1.55813303817429,8674066.0,31.42,23.0791736712276,1.50450263994319
Guinea,GIN,2003,57.441909490477,64.75,61.0,1484.8,,566.48540588068,2.24251877202579,8870781.0,31.698,,
Guinea,GIN,2004,57.4635398014,67.28,63.71,1491.3,32.2631351401334,584.897740538081,2.14071157501219,9062726.0,31.977,19.3323496375987,2.7648294795407
Guinea,GIN,2005,57.5021040208367,69.98,66.51,1495.6,42.3851461519433,463.17768685098,2.00041954618802,9245844.0,32.257,15.8383082816304,9.19822587412924
Guinea,GIN,2006,57.7930225459873,71.81,68.82,1502.0,57.0907873034414,446.980554135013,2.09058658116716,9441171.0,32.539,25.6182687654943,10.9667022931787
Guinea,GIN,2007,58.318871479733,74.78,71.81,1514.0,67.4673608075348,650.148575304743,2.31497296404672,9662281.0,32.822,16.9118340979961,3.25502788552949
Guinea,GIN,2008,58.9289268272831,78.51,75.63,1464.7,83.0291211114231,703.532825784369,2.41908604968745,9898870.0,33.106,13.2340260831581,1.69274912745498
Guinea,GIN,2009,58.4625895328016,77.57,75.54,1484.3,86.9185278699779,662.185914665575,2.44158489420853,10143534.0,33.391,,
Guinea,GIN,2010,61.2889772912258,83.16,81.92,1184.7,100.0,659.235326211315,2.45929310036327,10396086.0,33.678,,
Guinea,GIN,2011,61.4914850236041,87.44,86.38,1226.0,121.316926854258,636.694958747648,2.47697352651722,10656810.0,33.966,,
Guinea,GIN,2012,63.3314846166368,89.33,88.68,1152.2,139.788998934856,699.353377212197,2.45416156342286,10921581.0,34.255,,
Guinea,GIN,2013,63.6899243040859,92.51,92.35,1189.6,156.406539824067,748.455020824734,2.44471498509098,11191873.0,34.545,21.654251873358,1.81143686515135
Guinea,GIN,2014,65.2257594009442,95.56,95.45,1123.0,166.026332763198,765.146999389279,2.48019346390261,11472924.0,34.836,25.3527989641689,3.36190371746641
Guinea,GIN,2015,66.0886985186391,100.14,99.94,1122.4,185.584371739381,747.356966759448,2.53151277572433,11767070.0,35.141,23.4474279327957,4.50363924588296
Guinea,GIN,2016,66.5092104834771,104.3,104.6,1155.5,200.751590655302,711.996509782316,2.56690869267138,12073030.0,35.46,26.5754022109152,4.3259011572241
Guinea,GIN,2017,67.2847460524174,110.06,110.68,1165.4,218.647309106389,833.598621691121,2.55652318226129,12385659.0,35.793,,
Guinea,GIN,2018,67.9785214878724,115.09,115.61,1186.7,240.135129253703,933.273615633705,2.54385572881799,12704774.0,36.14,,
Guinea,GIN,2019,67.8754985349178,124.24,124.53,1257.9,262.875950950144,1031.34146480732,2.56100451729991,13034346.0,36.5,,
Guinea,GIN,2020,69.0973453524337,136.83,131.33,1323.7,290.745061231669,1053.66097696415,2.55139953603925,13371183.0,36.875,,
Guinea,GIN,2021,69.6189744424548,143.63,138.17,1344.9,327.371054687123,1244.96550477914,2.50610419423246,13710513.0,37.264,,
Guinea-Bissau,GNB,2001,23.8821123755334,68.37,67.89,1004.9,81.0133571801026,327.138431972397,2.12602969093669,1261273.0,36.622,,
Guinea-Bissau,GNB,2002,24.1824324324324,68.18,67.79,1067.3,83.6868966031071,362.034574570354,2.19833363261225,1289307.0,37.004,,
Guinea-Bissau,GNB,2003,24.4827524893314,67.27,68.21,1075.9,80.7556914880525,419.78486611807,2.26219170729877,1318806.0,37.387,62.416018386306,95.4377801688284
Guinea-Bissau,GNB,2004,24.7830725462304,70.99,71.11,1164.0,81.4690086888917,431.376557669634,2.30540545476551,1349563.0,37.772,39.1822412796123,98.7947537985076
Guinea-Bissau,GNB,2005,25.0833926031294,76.15,75.69,1325.6,84.1812742972448,463.073962650452,2.34505544706955,1381585.0,38.157,50.6918420625702,98.6600271526531
Guinea-Bissau,GNB,2006,25.3837126600285,78.96,78.52,1412.6,85.826796961407,448.513075469701,2.41122516333709,1415303.0,38.545,,
Guinea-Bissau,GNB,2007,25.6840327169275,78.64,78.81,1346.1,89.7897958602478,519.069789794741,2.48996828898925,1450986.0,38.934,,
Guinea-Bissau,GNB,2008,25.9843527738265,91.37,90.83,1490.3,99.1818741754195,640.210331101753,2.52259007377628,1488054.0,39.325,,
Guinea-Bissau,GNB,2009,26.2846728307255,89.33,89.23,1632.2,97.5439873472857,583.190020139094,2.54277273891846,1526377.0,39.716,,
Guinea-Bissau,GNB,2010,26.5849928876245,95.51,95.17,1723.8,100.0,600.194298540768,2.58492032110101,1566347.0,40.111,,
Guinea-Bissau,GNB,2011,26.8852773826458,91.25,92.48,1588.7,105.046102263202,719.539573498937,2.62922766462762,1608076.0,40.508,,
Guinea-Bissau,GNB,2012,27.1855618776671,97.93,98.46,1512.1,107.284157585918,635.461653303881,2.65952739224803,1651417.0,40.908,,
Guinea-Bissau,GNB,2013,27.4858463726885,99.75,100.73,1397.7,108.579212070411,654.304534409417,2.66229101877146,1695973.0,41.31,,
Guinea-Bissau,GNB,2014,27.7861308677098,93.88,95.56,1394.8,106.940486169321,652.022501029449,2.62731155689981,1741122.0,41.715,40.5558343745731,99.9999982154622
Guinea-Bissau,GNB,2015,28.0864153627312,101.55,100.94,1402.1,108.519698239732,645.066837207039,2.57045957815277,1786457.0,42.123,50.4525371630079,87.8350310736399
Guinea-Bissau,GNB,2016,28.2661948790896,104.57,103.5,1414.4,110.150880134116,679.665386626818,2.51155296505032,1831893.0,42.533,46.1130322244442,99.9999965960055
Guinea-Bissau,GNB,2017,28.2675711237553,105.68,105.11,1385.9,112.013657770165,783.123186602022,2.4363257519627,1877072.0,42.945,46.0194884082423,100.000003698434
Guinea-Bissau,GNB,2018,28.8265931721195,109.52,107.12,1397.3,112.440793517742,808.531613218504,2.37405997248475,1922168.0,43.36,41.7103517219214,68.5471717140003
Guinea-Bissau,GNB,2019,28.9961806543385,115.72,112.35,1287.3,112.718072816065,807.425524872835,2.34095994762157,1967696.0,43.777,,
Guinea-Bissau,GNB,2020,29.2517034139403,121.08,116.72,1343.2,114.003069434827,836.26731423732,2.28895000835492,2013255.0,44.196,,
Guinea-Bissau,GNB,2021,29.8717034139403,126.14,120.96,1352.7,116.559575493745,912.484104692847,2.23903878745423,2058841.0,44.617,,
Liberia,LBR,2001,14.5067794850498,86.5,66.58,1115.4,41.0286645662338,300.463828598983,2.9352375714594,3015338.0,44.673,,
Liberia,LBR,2002,14.8211409883721,84.59,64.36,916.7,46.8381786423992,299.536445539621,2.60055374367034,3094782.0,45.017,,
Liberia,LBR,2003,15.1354640780731,84.04,64.5,833.3,51.6766974480441,239.779556677091,0.79655231018503,3119532.0,45.361,,
Liberia,LBR,2004,15.449584717608,87.3,66.09,916.7,55.7225110752132,284.140223992458,1.19050087276777,3156892.0,45.706,,
Liberia,LBR,2005,15.75958160299,90.71,70.52,1290.0,61.7596878842971,287.487333441381,4.46419976403406,3301015.0,46.051,,
Liberia,LBR,2006,16.0693563122924,87.51,72.46,1261.5,66.2937420712194,320.55808618515,5.58972152870902,3490787.0,46.396,,
Liberia,LBR,2007,16.3743864202658,100.98,79.52,1448.8,73.8458566737493,374.211308104278,4.98055607463838,3669050.0,46.742,,
Liberia,LBR,2008,16.6862728405316,97.42,86.04,1553.4,86.7610898516829,451.713856283285,4.05801806274783,3821003.0,47.088,,
Liberia,LBR,2009,16.9967929817276,90.28,86.47,1183.5,93.2053939200936,448.386367025545,3.14360024630264,3943028.0,47.445,,
Liberia,LBR,2010,17.3072529069767,91.79,88.49,1178.6,100.0,492.252808033724,2.89605811562763,4058890.0,47.813,,
Liberia,LBR,2011,17.6148162375415,93.96,91.39,1173.1,108.488167518494,568.087865520004,3.92046987945605,4221178.0,48.193,,
Liberia,LBR,2012,17.926040282392,99.98,93.77,1285.3,115.899848080648,638.368751462083,3.53448694358844,4373043.0,48.583,,
Liberia,LBR,2013,18.2366206395349,95.93,90.39,1250.1,124.681935170635,710.744570927863,2.19827693086756,4470239.0,48.985,,
Liberia,LBR,2014,18.5462344269103,90.47,92.45,1172.0,136.976961508543,706.714490064507,2.08217532534285,4564293.0,49.397,,
Liberia,LBR,2015,18.8585257475083,97.33,96.64,1129.1,147.590891046088,692.590082351257,2.06297096669961,4659431.0,49.82,,
Liberia,LBR,2016,19.1702938122924,112.21,110.91,1073.2,160.629437395093,714.613063145659,2.04312155500225,4755608.0,50.254,,
Liberia,LBR,2017,19.4838901578073,94.53,92.63,1059.5,180.579023030836,699.269095727404,1.94324776688719,4848925.0,50.697,26.5597866091246,6.32538333234028
Liberia,LBR,2018,19.7975892857143,99.78,94.53,1083.6,223.129788020628,692.203127129794,1.95645231379837,4944726.0,51.151,21.8434167528347,7.33940366881709
Liberia,LBR,2019,19.9651162790698,106.06,97.46,1128.2,283.299582540638,658.164180770507,1.98225492944197,5043721.0,51.615,28.2606821738141,6.54700885078837
Liberia,LBR,2020,19.9651162790698,108.58,100.6,1148.1,331.335078273269,616.787867006715,2.07483340649162,5149463.0,52.089,25.8661754983841,3.18959536036937
Liberia,LBR,2021,19.9651162790698,111.76,100.2,1051.9,357.230882302137,667.96610514319,2.11098738475006,5259323.0,52.573,26.432854011667,17.9374586905115
Mali,MLI,2001,32.2154746391955,43.82,44.28,986.3,80.3705840145192,291.159497911347,3.00701165563643,11912158.0,29.075,14.3209096637092,9.97767596711984
Mali,MLI,2002,32.5228038256337,40.28,44.0,788.6,84.4154930568257,318.042432039222,3.10676861781848,12288050.0,29.806,17.7394509429263,5.2233067645798
Mali,MLI,2003,33.3767691916833,51.11,51.95,981.4,83.2786475030098,371.627016389759,3.17894001404545,12684955.0,30.547,17.9652369506671,5.11485698290306
Mali,MLI,2004,32.5285406371139,46.53,49.59,1206.5,80.6971915769417,542.887347640863,3.23794608826987,13102409.0,31.3,13.6899106078829,6.82004367517894
Mali,MLI,2005,33.103041329629,50.98,56.13,1089.5,85.8601034290779,591.630393473705,3.27522299158149,13538647.0,32.06,16.4928664802613,5.95548930665666
Mali,MLI,2006,33.1636876224195,49.99,56.84,1124.8,87.1853764227528,633.221946737432,3.2804387949943,13990139.0,32.832,17.2549055068181,5.84961475928352
Mali,MLI,2007,33.2710479515485,53.18,66.48,1101.2,88.4164356964982,711.675463215078,3.28796078422057,14457775.0,33.612,14.8063693888379,6.98012718365011
Mali,MLI,2008,33.4627970234144,63.44,76.8,1397.7,96.5250965250965,820.715705601841,3.2862188900418,14940782.0,34.403,12.4485027598927,7.0468703797343
Mali,MLI,2009,33.6473069767823,71.06,83.77,1800.4,98.9032354109295,815.78868795173,3.25780569403424,15435539.0,35.2,,
Mali,MLI,2010,33.6631545906785,72.0,80.17,1452.8,100.0,827.617660082715,3.2485140091385,15945198.0,35.999,11.6292930550393,5.42788445992375
Mali,MLI,2011,33.8087234774912,83.24,87.96,1046.8,102.955643952294,941.574944706639,3.23250831038309,16469049.0,36.799,13.7300229175172,5.6612549996389
Mali,MLI,2012,33.9656543653038,85.25,87.28,1506.8,108.43610514765,878.217175344858,2.91998728475051,16957033.0,37.599,13.6844691760277,6.18323746382878
Mali,MLI,2013,34.1165621747433,90.04,90.94,1512.4,107.778183874307,903.190452512378,2.92078257453733,17459615.0,38.398,,
Mali,MLI,2014,34.2535671493784,89.18,89.03,1550.7,108.730743142029,940.243260037952,3.16065691731413,18020267.0,39.196,,
Mali,MLI,2015,34.3826333603783,96.9,98.09,1575.5,110.30808978607,838.11986940103,3.1289280097663,18593022.0,39.991,,
Mali,MLI,2016,34.6059572689499,113.91,112.88,1607.5,108.322933479343,872.468587171653,3.16701291267986,19191289.0,40.783,16.1206377359036,9.93319834129717
Mali,MLI,2017,34.7400371253657,115.23,113.15,1601.9,110.229262671784,924.057531692284,3.18823649379751,19813011.0,41.572,16.8688060349601,13.0937131616987
Mali,MLI,2018,34.911642121309,125.08,123.73,1728.9,110.559450578237,996.379292136901,3.1254232369578,20442030.0,42.356,14.6304765515477,7.14216190188862
Mali,MLI,2019,35.0888286250502,128.69,127.62,1767.7,108.726079750895,971.949318638092,3.01814494306617,21068405.0,43.136,13.9028278784805,8.69047518482929
Mali,MLI,2020,35.2476788860751,126.5,136.86,1686.0,109.202396681528,953.242943290974,3.01751361469378,21713836.0,43.909,,
Mali,MLI,2021,35.4327670280858,126.74,126.5,1441.2,113.489249057224,1027.27345365357,3.06035796580474,22388630.0,44.677,,
Niger,NER,2001,29.9992105470909,39.34,45.71,394.4,81.1192880784906,205.417936120931,3.50878624306039,11920647.0,16.26,45.4352336985795,46.3098557645509
Niger,NER,2002,29.9992105470909,46.11,50.91,422.9,83.2518054455024,225.294391147438,3.53148102432579,12349144.0,16.255,37.8729406068288,37.4342762222597
Niger,NER,2003,30.3244651456541,45.73,51.51,429.5,81.9077818948645,265.225363452469,3.5622769230714,12796984.0,16.251,33.3370097231316,35.1630059843662
Niger,NER,2004,30.3718323202021,39.59,47.22,341.5,82.1228256629665,283.468281798296,3.59824904350361,13265836.0,16.247,30.9858485614994,43.1982531452475
Niger,NER,2005,33.918844240941,49.63,56.59,436.6,88.5263512020049,318.643121918273,3.62970414217364,13756192.0,16.242,34.2053156102748,29.9959002601105
Niger,NER,2006,33.9377911107602,54.61,61.24,449.6,88.5621918300219,333.345078419447,3.65709371425878,14268581.0,16.238,27.8487487516202,34.0008692008108
Niger,NER,2007,34.5638272677035,56.78,62.32,424.8,88.6099793340446,387.168065883301,3.68110827846052,14803610.0,16.234,23.6291306529067,26.5028480357007
Niger,NER,2008,34.5638272677035,74.5,76.05,496.5,98.6274348647978,475.044955398162,3.70203244818704,15361915.0,16.229,24.8803579492327,43.3685974431969
Niger,NER,2009,34.5638272677035,58.3,64.59,386.0,99.2023406829628,461.131533961487,3.71708044318123,15943675.0,16.225,15.5486910629941,29.9720850344868
Niger,NER,2010,34.7217178495303,83.93,85.36,494.8,100.0,474.425692340831,3.72535077368531,16548835.0,16.221,15.117014562534,18.3608576460702
Niger,NER,2011,35.1164443040973,70.44,74.94,362.8,102.942385140133,510.75956176268,3.72138303234104,17176283.0,16.216,15.8333478655778,12.6179348171847
Niger,NER,2012,35.3532801768375,81.45,84.68,520.3,103.410865455741,528.510104469655,3.77324639644684,17836769.0,16.212,31.7171706689323,16.062162259706
Niger,NER,2013,36.063787795058,83.34,84.16,407.7,105.786452069013,552.103334363117,3.75837207594511,18519898.0,16.208,32.8575055020839,7.85117005430286
Niger,NER,2014,36.063787795058,90.03,89.86,446.8,104.802334182625,565.30989731175,3.6892808045974,19215909.0,16.219,24.7926172231321,11.5168150744576
Niger,NER,2015,36.0740506828768,100.23,101.19,551.3,104.198578028039,485.662574175279,3.69640590007582,19939498.0,16.247,20.9864009654407,14.0674143065694
Niger,NER,2016,36.6266677192705,109.74,108.95,536.5,105.921907081479,502.706475406446,3.67426137513091,20685753.0,16.29,32.4375188073072,16.2429562313258
Niger,NER,2017,36.7845583010973,110.28,110.48,541.9,108.883878892078,521.804130023434,3.56007044831691,21435446.0,16.35,34.7431599441747,19.9221794398617
Niger,NER,2018,36.7845583010973,121.82,119.84,554.8,112.115120867278,578.568035680892,3.45088050525461,22188069.0,16.425,29.856671176357,19.2888405044199
Niger,NER,2019,36.7845583010973,120.12,119.01,501.5,109.323686827592,561.691304349698,3.36654855482346,22947757.0,16.517,27.6878239427059,25.7651559746522
Niger,NER,2020,36.7845583010973,130.08,128.32,551.9,112.492099097718,579.512495758236,3.29977391625444,23717613.0,16.626,30.851228920892,17.3409169803133
Niger,NER,2021,36.7845583010973,103.52,107.34,360.6,116.809397403471,608.722439593808,3.25425239869281,24502140.0,16.751,36.1604582257525,24.5945649274926
Nigeria,NGA,2001,71.9951136950053,63.49,64.33,1233.6,35.1866845376073,566.428231812933,2.7163954653619,129862595.0,35.669,21.7047274781102,0.0156583251844435
Nigeria,NGA,2002,72.1429968049013,66.64,67.65,1255.2,39.7175258410407,712.164852077686,2.74147056608815,133471989.0,36.508,19.5776400876136,0.638004455168853
Nigeria,NGA,2003,72.2903585976701,70.19,70.53,1308.8,45.2906031235499,763.388745367223,2.75673506428828,137202644.0,37.356,15.4964791149288,0.0235768454976624
Nigeria,NGA,2004,72.4230004282091,74.89,75.1,1372.8,52.0833030965434,962.48104194733,2.77053967849452,141057045.0,38.212,,
Nigeria,NGA,2005,72.6595677284056,79.41,79.33,1421.7,61.3872004900717,1211.37703504386,2.76883385211034,145017253.0,39.074,,
Nigeria,NGA,2006,72.4891156933144,85.08,84.33,1507.5,66.4364337154112,1599.53891556365,2.76124698861505,149077334.0,39.943,17.9553387523989,0.0553814671556319
Nigeria,NGA,2007,72.8452149280279,78.37,79.1,1399.8,70.0160340580422,1815.52697545827,2.77180099910734,153267261.0,40.819,20.0580120299638,1.62311739476741
Nigeria,NGA,2008,72.9865472073081,83.65,84.11,1598.4,78.1246435967352,2154.10543545364,2.78453384410814,157595014.0,41.702,9.77879049256357,1.28814647847302
Nigeria,NGA,2009,73.3955856033905,73.67,75.54,1531.1,87.9197768259367,1820.48633854782,2.78730820935027,162049464.0,42.588,11.8280770468373,4.53389490347236
Nigeria,NGA,2010,73.5782454406711,84.62,85.24,1528.0,100.0,2202.25672957344,2.795149361277,166642886.0,43.48,10.2515671536613,3.33906629437515
Nigeria,NGA,2011,73.6439752077912,78.01,78.94,1334.4,110.826137188002,2418.41316975875,2.80278519998649,171379598.0,44.366,30.5695044434974,1.79587451233779
Nigeria,NGA,2012,73.9219975405426,86.87,86.95,1399.0,124.373791623613,2633.19734671361,2.77422930277333,176200625.0,45.246,22.70974247371,5.35439486328271
Nigeria,NGA,2013,73.741543638899,83.37,84.66,1234.7,134.939989954204,2872.79083379398,2.71468991073627,181049443.0,46.118,17.829389789971,5.05133324653287
Nigeria,NGA,2014,73.9018790693589,95.08,95.48,1552.4,145.799165386817,3088.72131316169,2.64221399374699,185896915.0,46.982,17.0271647267489,1.87245748179785
Nigeria,NGA,2015,74.1262080437432,97.29,97.74,1552.7,158.934846393837,2585.73360671797,2.53617348598208,190671878.0,47.838,16.9489167794717,2.89424937434388
Nigeria,NGA,2016,74.354085114793,107.64,106.78,1733.4,183.882551450038,2070.4127339595,2.47183239057048,195443700.0,48.683,12.8506008688749,1.96527519219149
Nigeria,NGA,2017,74.5368870296562,109.74,109.08,1614.7,214.227339611353,1876.34027111773,2.43170936923065,200254579.0,49.519,16.315758249379,1.83075823902758
Nigeria,NGA,2018,74.9387563270639,114.88,114.06,1684.2,240.138364526616,2057.87944554011,2.31217263003389,204938755.0,50.344,10.9317924691619,1.98272701241802
Nigeria,NGA,2019,75.0548910262745,109.64,109.77,1628.2,267.505546743183,2265.15520863056,2.1944019229433,209485641.0,51.157,9.91577486664113,1.79787182025265
Nigeria,NGA,2020,75.6097679985068,112.71,112.64,1620.5,302.939394135074,2019.65706326224,2.13029714344341,213996181.0,51.958,14.6260809363327,2.98272065808431
Nigeria,NGA,2021,76.5875000274493,118.31,117.33,1619.2,354.296242254442,2017.27486481527,2.09618685225463,218529286.0,52.746,14.1644968604555,3.2800855609367
Senegal,SEN,2001,45.7019685243858,68.98,65.23,887.1,83.2895185343412,637.213530563724,2.42496943712898,10212942.0,40.464,26.7721579084306,46.1408755969728
Senegal,SEN,2002,45.4474627330806,41.41,44.04,651.6,85.2362460123422,669.430447319209,2.44966153599012,10466214.0,40.607,26.070214194478,16.1973344372711
Senegal,SEN,2003,44.8345712356516,62.92,60.01,1090.7,85.1919257008151,817.888034221442,2.40684962152091,10721176.0,40.898,29.5982982623442,37.147032669135
Senegal,SEN,2004,45.1202410014024,62.64,60.36,974.5,85.6304782132255,918.102079522155,2.34632515714346,10975704.0,41.306,28.2581997010509,34.9981911526738
Senegal,SEN,2005,45.5825066223446,73.26,69.18,1201.1,87.0959010663482,979.846101520171,2.33918136359556,11235472.0,41.714,28.1392529781177,28.8223756559316
Senegal,SEN,2006,44.0970238404404,57.8,58.9,879.0,88.9356154507228,1017.20196747987,2.32792929230269,11500094.0,42.124,23.3837753137178,42.9604169871199
Senegal,SEN,2007,44.1645457850725,50.96,53.12,722.5,94.1412876405036,1188.93877808175,2.32279384441662,11770344.0,42.535,25.0577923863196,36.7930360758847
Senegal,SEN,2008,48.1743104970654,86.89,80.36,1174.2,101.058038553206,1398.79218010021,2.3395118470328,12048959.0,42.947,25.9384236127982,20.3887090053979
Senegal,SEN,2009,48.1898924842882,95.74,88.89,1134.6,98.7862321407254,1308.69404336205,2.36561415953051,12337389.0,43.359,24.1929512394574,26.8806811280757
Senegal,SEN,2010,48.1898924842882,106.5,97.29,1196.5,100.0,1275.88357492357,2.38690195279185,12635413.0,43.773,22.4086929183221,26.7565466945834
Senegal,SEN,2011,46.5641718173791,65.99,68.54,966.9,103.40322829787,1374.67591873844,2.52791519909846,12958897.0,44.188,22.9458522824339,30.5408660817834
Senegal,SEN,2012,46.5641718173791,80.04,82.3,1221.3,104.869722570496,1326.83798848379,2.67702425205872,13310495.0,44.603,24.1457936923786,26.848014485569
Senegal,SEN,2013,46.5797538046019,76.12,82.41,1124.1,105.614555041963,1379.83196553924,2.96345954605318,13710849.0,45.019,24.2283715794474,34.031309302632
Senegal,SEN,2014,46.6005297875656,80.07,84.48,1111.5,104.46308699624,1398.89137601382,3.16757470346908,14152102.0,45.436,22.7818492675942,34.7706322137028
Senegal,SEN,2015,48.4495922713343,114.05,110.23,1376.1,104.604333556103,1218.00613555438,3.07014792428801,14593331.0,45.862,21.6889354846993,31.3599920534584
Senegal,SEN,2016,48.2418324416974,105.88,105.29,1350.6,105.48016989023,1266.43957151587,2.97843134010735,15034521.0,46.296,23.3512105457828,32.2195631770618
Senegal,SEN,2017,48.4236222926297,141.51,134.25,1476.2,106.870560070658,1356.80518449031,2.88769908740551,15475002.0,46.74,23.9899933080167,34.2316250812749
Senegal,SEN,2018,48.605412143562,166.28,152.86,1644.3,107.363218008605,1452.55612562445,2.8004569855314,15914498.0,47.192,21.0437172546777,32.2926654145563
Senegal,SEN,2019,48.7975899859762,165.89,153.59,1601.3,109.252930368352,1431.18128932159,2.71760793051867,16352922.0,47.653,19.6091616510218,32.9188566987622
Senegal,SEN,2020,48.9793798369085,203.82,183.45,1821.6,112.031392832995,1461.08720350553,2.63303572524896,16789219.0,48.122,24.0121646294358,31.3463710309569
Senegal,SEN,2021,49.4000934919233,198.07,179.91,1854.7,114.474038812672,1598.10676952274,2.53848919398481,17220867.0,48.6,21.3602755148431,30.3261675172126
Sierra Leone,SLE,2001,41.5838182321973,34.74,33.02,998.2,,358.315716051546,5.90551884410875,4692716.0,35.867,,
Sierra Leone,SLE,2002,44.7503463563314,41.89,39.59,995.9,,388.995111216836,5.76970115082171,4971435.0,36.109,22.529513399096,91.6379926709422
Sierra Leone,SLE,2003,49.4135494596841,60.28,56.96,1011.8,,413.817607346927,4.06499006251213,5177687.0,36.352,,
Sierra Leone,SLE,2004,52.2683568855639,66.79,63.39,1000.3,,417.749983329227,3.38061570413438,5355717.0,36.596,,
Sierra Leone,SLE,2005,52.8126904959823,66.32,63.91,1117.8,,462.633324427945,2.68947280362006,5501712.0,36.919,,
Sierra Leone,SLE,2006,55.8309781102799,80.42,78.03,1347.6,71.8537569142683,580.26796974773,2.2066693720303,5624466.0,37.303,,
Sierra Leone,SLE,2007,50.2039346079246,68.69,67.58,1290.4,80.2247012374466,631.889926264998,2.19611425557566,5749352.0,37.689,,
Sierra Leone,SLE,2008,51.430174563591,72.96,72.45,1350.9,86.8120511937253,705.359014080005,2.49702214618885,5894722.0,38.077,,
Sierra Leone,SLE,2009,52.6596009975062,90.27,89.75,1645.9,93.2960597790084,652.845806767943,2.69336857329164,6055646.0,38.466,,
Sierra Leone,SLE,2010,54.4524799113328,102.26,101.5,1747.2,100.0,685.039673490948,2.72150859888002,6222714.0,38.856,,
Sierra Leone,SLE,2011,55.6612635078969,109.17,108.49,1751.1,106.791382919526,761.146365577281,2.60978263924562,6387251.0,39.248,,
Sierra Leone,SLE,2012,53.1539207536714,112.75,112.0,1539.0,113.826545483452,937.504428180231,2.53259491687101,6551080.0,39.642,,
Sierra Leone,SLE,2013,54.7055971183153,118.71,117.5,1777.5,120.114470441718,1117.47183075115,2.45725730456865,6714051.0,40.036,,
Sierra Leone,SLE,2014,54.7104461069548,110.39,110.05,1519.7,125.686955139246,1117.7586465721,2.38905832119365,6876385.0,40.432,10.9656716553765,4.04408350139097
Sierra Leone,SLE,2015,54.7104461069548,96.14,96.35,1339.7,134.094703092292,964.575980888989,2.31819402812025,7037655.0,40.829,20.7188415859113,87.811067075485
Sierra Leone,SLE,2016,54.7104461069548,93.47,93.6,1092.3,148.692334190095,844.416411175476,2.35457342669593,7205328.0,41.228,28.4812386604009,78.0411495999291
Sierra Leone,SLE,2017,54.7104461069548,83.94,84.47,1141.7,175.786321842126,779.186007841728,2.38578952940087,7379299.0,41.636,32.5675100405142,73.3469370743281
Sierra Leone,SLE,2018,54.7104461069548,89.0,88.66,813.0,203.964069000238,845.914540460932,2.34731039123252,7554563.0,42.055,32.2868033846246,45.6396884535491
Sierra Leone,SLE,2019,54.7104461069548,77.42,78.32,1523.0,234.160947560879,844.049555179116,2.32146457882717,7731991.0,42.484,,
Sierra Leone,SLE,2020,54.7104461069548,91.15,91.46,1633.7,265.648268369591,845.982914284565,2.30847202655897,7912558.0,42.923,,
Sierra Leone,SLE,2021,54.7104461069548,133.47,130.56,1966.9,297.191234531916,886.192939104469,2.27463021517533,8094602.0,43.372,,
Togo,TGO,2001,62.8792057363486,71.75,65.73,1150.3,77.4144141336075,396.692654520135,2.63698635340958,5277382.0,33.356,22.7769359094111,18.230963721138
Togo,TGO,2002,63.2469203897775,71.94,64.63,1131.1,79.7831547572729,445.238691488925,2.54239439953807,5413274.0,33.809,22.1250762560044,23.2293137355407
Togo,TGO,2003,63.6146350432065,70.41,65.22,1154.7,79.0411707126895,538.16537776929,2.53342165886308,5552167.0,34.265,17.1155288446436,15.4946796817321
Togo,TGO,2004,63.9823496966354,73.43,67.79,1094.8,79.351864703999,560.266308533382,2.56650535233,5696508.0,34.724,18.1388978474055,23.968420529638
Togo,TGO,2005,64.7177790034933,69.43,73.34,1132.6,84.7342452917256,551.259850017077,2.56701065239466,5844631.0,35.185,15.5315633580549,21.4500110855906
Togo,TGO,2006,65.6370656370656,72.85,78.99,1130.7,86.6229528033106,552.50227125256,2.80124284070489,6010668.0,35.649,,
Togo,TGO,2007,66.0967089538518,75.2,80.87,1121.6,87.4421229151333,607.588224471809,2.91316321758797,6188344.0,36.116,14.6371119232388,15.7232992940811
Togo,TGO,2008,66.8321382607097,81.26,89.1,1144.4,95.0450652277537,718.948786366771,2.87454303428326,6368812.0,36.587,10.1452328462736,15.9976796148713
Togo,TGO,2009,67.1998529141386,87.3,96.58,1242.9,98.5746643970598,720.694168794129,2.83367889670304,6551865.0,37.058,12.8785118934024,16.8786022283433
Togo,TGO,2010,67.3837102408531,88.66,94.72,1187.4,100.0,704.987164181378,2.72101716624637,6732590.0,37.533,13.2994494063976,18.109093677885
Togo,TGO,2011,67.3837102408531,99.23,102.45,1226.3,103.56351472904,783.989380490906,2.69461885935872,6916474.0,38.032,13.2979116735176,14.6931768394735
Togo,TGO,2012,70.7850707850708,96.27,98.81,1112.4,106.232534720517,762.392047587088,2.62923384476283,7100736.0,38.546,14.6596916444401,17.0409953975587
Togo,TGO,2013,70.2334988049274,89.77,92.82,1090.1,108.171697841756,826.543259457126,2.56796697750519,7285442.0,39.061,12.387778635188,20.0711805951857
Togo,TGO,2014,70.2334988049274,102.38,100.84,1153.1,108.378170652492,855.585284856656,2.53448135308774,7472450.0,39.579,13.9121248234354,19.3072337913121
Togo,TGO,2015,70.2334988049274,97.1,98.5,1236.2,111.17855991537,751.052405084336,2.52060746648904,7663195.0,40.1,15.0602143849859,21.3987908733858
Togo,TGO,2016,70.2334988049274,100.52,100.67,1130.8,112.607478585779,772.581787093976,2.51398996486491,7858289.0,40.628,14.5383366978512,22.5043955113224
Togo,TGO,2017,70.2334988049274,105.63,105.89,1137.2,111.503599302035,792.765487219069,2.49897565726694,8057140.0,41.162,19.3969301241103,19.6678707209023
Togo,TGO,2018,70.2334988049274,111.28,110.32,1145.2,112.53854282114,851.130806891807,2.47179798610782,8258778.0,41.702,17.4032547222881,16.2251411354971
Togo,TGO,2019,70.2334988049274,112.96,114.05,1143.0,113.31044197518,826.260654099894,2.44351209316794,8463068.0,42.248,17.818209441345,17.4892146454249
Togo,TGO,2020,70.2334988049274,112.72,116.4,1150.3,115.381236062925,853.578220263722,2.41247393684318,8669720.0,42.8,17.4340946357038,26.0185374258391
Togo,TGO,2021,70.2334988049274,115.76,121.99,1149.5,120.641204613776,939.613373786407,2.37825002957617,8878379.0,43.358,16.3337350333552,25.3783325546223
