country_name,country_iso3,year,agricultural_land_pct,crop_production_idx,food_production_idx,cereal_yield_kg_per_hectare,gdp_per_capita_usd,population_growth_annual_pct,population_total,population_urban_pct,food_imports_pct_merch
Benin,BEN,2000,28.3068109258602,57.3,55.18,1102.1,487.424141384242,3.07665265205002,7221619.0,38.333,21.8673892974778
Benin,BEN,2001,28.9067843206811,58.82,55.69,1069.3,492.401499509072,3.05435506649292,7445596.0,38.65,20.3607308180196
Benin,BEN,2002,29.8628857750976,67.84,65.18,1131.1,546.463829658159,3.04010801597376,7675426.0,39.036,23.8763238350293
Benin,BEN,2003,30.7821656615821,65.17,62.51,1148.7,676.002878084282,3.04920259714654,7913070.0,39.536,24.2141983835193
Benin,BEN,2004,30.6779443064917,69.9,66.41,1146.0,758.695803786371,3.06173106096489,8159094.0,40.039,24.5653739246321
Benin,BEN,2005,30.8048244058177,63.45,66.7,1136.4,779.437777753268,3.22061199704122,8426144.0,40.543,29.9420417539947
Benin,BEN,2006,29.6144554806669,57.39,59.03,1190.5,809.147072506221,3.12066888297415,8693242.0,41.049,30.6782819142083
Benin,BEN,2007,29.9672224192976,59.98,61.04,1286.0,912.338247188342,2.95509554727715,8953969.0,41.558,31.1594419521255
Benin,BEN,2008,31.7833628946435,72.28,74.43,1158.7,1060.60254502099,3.01959398464251,9228466.0,42.069,36.1361186365244
Benin,BEN,2009,33.170672224193,74.79,77.51,1423.5,1024.10277858112,2.99903642214246,9509423.0,42.58,31.0940349253234
Benin,BEN,2010,30.9253636041149,75.76,80.51,1200.6,973.244254931526,2.98424162798508,9797484.0,43.093,38.6401240229343
Benin,BEN,2011,32.0979514012061,83.11,84.97,1517.8,1059.41358852588,2.97782202797765,10093623.0,43.608,33.920597278289
Benin,BEN,2012,33.3912380276694,88.88,91.68,1373.2,1071.5258366283,2.96766540040992,10397657.0,44.125,37.8897950446574
Benin,BEN,2013,35.3010287335935,97.66,99.15,1479.6,1168.92699279226,2.94885160135819,10708834.0,44.642,40.3325617827368
Benin,BEN,2014,35.4549663001064,103.67,103.07,1460.3,1204.39918670094,2.9550187594558,11030004.0,45.166,45.8483706311581
Benin,BEN,2015,36.122942532813,92.24,94.87,1336.7,1002.41886879614,2.95391627666724,11360681.0,45.695,40.2019861251514
Benin,BEN,2016,34.3804984036893,104.08,102.05,1455.9,1010.5338961993,2.92460216679542,11697842.0,46.229,50.4878399953627
Benin,BEN,2017,36.3017018446258,110.4,104.57,1405.4,1054.97408066814,2.88117869411855,12039780.0,46.768,52.3113311553297
Benin,BEN,2018,39.5602039730401,117.28,109.45,1428.5,1151.7409703472,2.8136418840483,12383347.0,47.312,46.9193864424986
Benin,BEN,2019,41.071385242994,124.87,117.25,1238.3,1130.82135339795,2.73538842831436,12726755.0,47.861,38.4400102736487
Benin,BEN,2020,39.3140173820504,122.58,113.88,1432.8,1200.19426631122,2.66259875153288,13070169.0,48.415,32.9310603115432
Burkina Faso,BFA,2000,40.9763088450292,30.62,43.16,856.4,248.908526921752,2.98414422391968,11925546.0,17.844,12.572288849584
Burkina Faso,BFA,2001,41.4508355263158,45.13,52.81,967.8,259.485223380436,3.05099351122556,12295001.0,18.54,14.9826505696802
Burkina Faso,BFA,2002,41.9180522660819,45.68,53.28,942.7,285.654087637533,3.09039308299234,12680897.0,19.258,21.2879841796361
Burkina Faso,BFA,2003,42.385269005848,50.21,60.3,996.3,362.373899996953,3.11812174449527,13082532.0,19.996,19.0754191229528
Burkina Faso,BFA,2004,42.9073099415205,46.31,56.81,940.7,403.81283743461,3.14512608695879,13500533.0,20.757,17.553261341026
Burkina Faso,BFA,2005,43.4256962719298,56.92,63.55,1127.2,441.164148016012,3.14680149143287,13932123.0,21.537,18.2849854295953
Burkina Faso,BFA,2006,43.9294627192982,58.58,64.85,1203.9,455.513655620024,3.12034537509581,14373707.0,22.339,
Burkina Faso,BFA,2007,44.407644371345,46.65,62.98,936.1,514.684451177238,3.03277637197036,14816307.0,22.996,14.8371352126624
Burkina Faso,BFA,2008,44.9132383040936,68.17,75.27,1039.9,619.437533256264,2.93816522811728,15258093.0,23.534,14.8656582394092
Burkina Faso,BFA,2009,45.4371067251462,59.28,73.32,1002.0,601.569520671859,2.91916025918168,15710066.0,24.079,14.3615791170105
Burkina Faso,BFA,2010,46.0212825292398,69.87,81.81,1062.7,624.957252224766,2.92577947499021,16176498.0,24.633,13.9964911579613
Burkina Faso,BFA,2011,46.7589671052632,62.46,78.41,995.1,725.024767725475,2.95657078370668,16661908.0,25.196,14.7481548677918
Burkina Faso,BFA,2012,47.3285230263158,76.15,85.38,1203.0,731.470138867833,3.0171707485343,17172287.0,25.767,13.1227319035261
Burkina Faso,BFA,2013,48.1173768274854,91.77,95.99,1156.5,759.762065168498,3.00083639274971,17695409.0,26.346,12.0160498928872
Burkina Faso,BFA,2014,48.686932748538,99.64,98.87,1225.8,764.861675106225,2.9733794200807,18229461.0,26.934,12.6808655781188
Burkina Faso,BFA,2015,49.293038377193,98.08,99.77,1168.9,630.124750752312,2.96196306547686,18777487.0,27.53,13.6105485218095
Burkina Faso,BFA,2016,49.8260445906433,102.28,101.36,1136.8,663.742364842886,2.92508251378454,19334856.0,28.134,13.6826300581823
Burkina Faso,BFA,2017,50.3590508040936,95.51,95.84,1009.0,709.091535894695,2.85291595529266,19894407.0,28.743,12.2199184238571
Burkina Faso,BFA,2018,51.1844543128655,107.71,112.06,1152.3,777.465618514048,2.69713675384815,20438288.0,29.358,12.1553570934943
Burkina Faso,BFA,2019,51.6809108187134,116.48,119.25,1156.1,764.853077774946,2.52989803984158,20961952.0,29.98,10.7388765383673
Burkina Faso,BFA,2020,52.1590924707602,123.49,117.73,1261.7,825.237038782475,2.43522959287393,21478690.0,30.607,11.6356204029884
Cabo Verde,CPV,2000,17.8660049627792,99.6,102.75,794.8,1189.51479345891,1.51097073984668,453317.0,53.435,31.0006644205063
Cabo Verde,CPV,2001,18.3622828784119,97.26,97.54,637.3,1223.33055331575,1.52715832330257,460293.0,54.291,33.7409483757171
Cabo Verde,CPV,2002,18.6104218362283,88.87,91.67,148.5,1328.57874270666,1.45645106544752,467046.0,55.146,29.8187239229832
Cabo Verde,CPV,2003,18.6104218362283,92.57,92.17,379.2,1717.97565369655,1.34770321112892,473383.0,55.997,30.7560616633405
Cabo Verde,CPV,2004,18.8585607940447,91.17,94.58,385.2,1929.49081468781,1.25679558194683,479370.0,56.846,30.2069856600229
Cabo Verde,CPV,2005,18.8585607940447,87.86,93.4,243.2,2004.14680417563,1.19132344131983,485115.0,57.689,30.505796380265
Cabo Verde,CPV,2006,18.8585607940447,89.17,91.64,218.0,2256.99666191075,1.15040265762577,490728.0,58.529,29.1714029575659
Cabo Verde,CPV,2007,18.8585607940447,98.97,97.89,158.8,3324.57675212498,1.10689150817132,496190.0,59.363,25.6865014933414
Cabo Verde,CPV,2008,19.3548387096774,91.43,91.88,233.8,3908.64885822576,1.03555151023311,501355.0,60.194,27.6576815135857
Cabo Verde,CPV,2009,19.3548387096774,89.68,95.51,230.8,3659.72046361628,0.950085360363308,506141.0,61.016,29.4438689422713
Cabo Verde,CPV,2010,19.3548387096774,87.65,92.52,220.0,3579.46006137809,0.717181999615317,509784.0,61.821,27.7459586227402
Cabo Verde,CPV,2011,19.6029776674938,100.06,96.86,177.8,4002.01386888785,0.325685661710053,511447.0,62.322,25.3956669143904
Cabo Verde,CPV,2012,19.6029776674938,104.42,100.35,196.2,3736.81517011087,0.0992767342106355,511955.0,62.821,27.9386991242578
Cabo Verde,CPV,2013,19.6029776674938,109.56,104.66,182.3,3960.97596791345,0.052725108136232,512225.0,63.317,32.1516859089998
Cabo Verde,CPV,2014,19.6029776674938,100.53,99.26,34.3,3985.60706548134,0.0197159536864678,512326.0,63.81,28.4421586004644
Cabo Verde,CPV,2015,19.6029776674938,101.41,100.69,276.5,3415.06266730931,0.0132719182020122,512394.0,64.3,32.4650529556349
Cabo Verde,CPV,2016,19.6029776674938,98.06,100.05,178.0,3608.96605234906,0.0312210963482392,512554.0,64.784,30.8701655531076
Cabo Verde,CPV,2017,19.6029776674938,91.26,87.69,0.1,3893.09571382506,0.0661175101881539,512893.0,65.261,30.0997528072801
Cabo Verde,CPV,2018,19.6029776674938,72.04,73.43,22.7,4294.96510035729,0.101723857752759,513415.0,65.732,30.1994885008568
Cabo Verde,CPV,2019,19.6029776674938,70.18,73.93,23.2,4380.78117331128,0.134109462358547,514104.0,66.195,19.7766587982554
Cabo Verde,CPV,2020,19.6029776674938,69.34,75.67,15.7,3539.22661248299,0.11178257414313,514679.0,66.652,21.9844405841014
Cote d'Ivoire,CIV,2000,62.124572327044,71.68,72.12,1682.3,936.636541348798,2.76729583954346,17699004.0,43.155,17.1845976432421
Cote d'Ivoire,CIV,2001,60.5841698113208,67.51,69.16,1719.9,924.727294962066,2.67539291726228,18178913.0,43.568,21.0852870794468
Cote d'Ivoire,CIV,2002,60.9599433962264,67.38,67.86,1750.9,967.815864415991,2.58396350857445,18654771.0,43.983,22.5827907280846
Cote d'Ivoire,CIV,2003,61.0849088050314,66.76,67.61,1827.0,1111.17135087887,2.49227881118865,19125542.0,44.399,22.4906253801467
Cote d'Ivoire,CIV,2004,63.403606918239,67.93,70.7,1853.9,1199.82524528546,2.42497124712807,19595000.0,44.817,17.1976904370795
Cote d'Ivoire,CIV,2005,64.1655880503145,70.99,72.15,1836.3,1197.74616979415,2.38748971138117,20068458.0,45.234,14.6207860960417
Cote d'Ivoire,CIV,2006,65.0364025157233,73.53,75.15,1827.9,1230.43056838584,2.35559796287643,20546802.0,45.652,17.2835431554942
Cote d'Ivoire,CIV,2007,66.0606006289308,70.56,71.95,1569.4,1367.53817722326,2.3271214491968,21030558.0,46.071,17.4065188360687
Cote d'Ivoire,CIV,2008,65.7955125786164,74.37,77.42,1735.0,1583.97066701372,2.27477682329573,21514439.0,46.491,19.6128646777742
Cote d'Ivoire,CIV,2009,65.6981257861635,69.34,72.05,1711.5,1540.45393569596,2.22245214914258,21997940.0,46.91,23.1919004111559
Cote d'Ivoire,CIV,2010,65.7358081761006,73.51,75.95,2270.5,1553.54887048143,2.20359114199838,22488065.0,47.33,19.2460056507178
Cote d'Ivoire,CIV,2011,66.200179245283,76.14,77.72,1882.8,1596.62826565998,2.17265768049368,22982000.0,47.751,25.1280174581878
Cote d'Ivoire,CIV,2012,68.963858490566,83.12,83.99,2079.8,1546.9460184731,2.08872019159152,23467078.0,48.172,20.0116663868356
Cote d'Ivoire,CIV,2013,70.8868805031447,85.71,86.32,2176.6,1786.15862031324,1.99427988380631,23939775.0,48.593,14.5200385287569
Cote d'Ivoire,CIV,2014,72.5917201257862,94.35,94.7,2206.9,1991.36539423404,2.42493545476417,24527395.0,49.014,16.8423512990381
Cote d'Ivoire,CIV,2015,76.9368119496855,104.58,104.41,2200.3,1814.71855088017,2.88906178023194,25246342.0,49.444,17.5692676559409
Cote d'Ivoire,CIV,2016,75.4266364779874,101.08,100.89,2219.8,1862.59597081287,2.90076810314127,25989405.0,49.881,21.520688655588
Cote d'Ivoire,CIV,2017,77.7044808176101,111.1,109.42,2247.4,1964.29930338343,2.82237176165589,26733372.0,50.326,20.9293744697827
Cote d'Ivoire,CIV,2018,81.3420738993711,116.99,114.55,2254.4,2130.86619381144,2.69696827034562,27464173.0,50.779,21.0509451648051
Cote d'Ivoire,CIV,2019,81.5248,121.5,116.76,2263.2,2141.76836170115,2.61916841176218,28193009.0,51.239,21.3625721757374
Cote d'Ivoire,CIV,2020,82.6258229559748,125.74,119.18,2180.7,2179.72934832935,2.53019803537112,28915449.0,51.706,21.5850332928208
"Gambia, The",GMB,2000,50.0,125.44,108.99,1305.3,538.054072348854,2.73837212713207,1455084.0,47.868,34.4953031799041
"Gambia, The",GMB,2001,47.8260869565217,136.64,117.03,1292.5,459.803068381399,2.70699337593192,1495011.0,48.775,40.9989776196766
"Gambia, The",GMB,2002,48.5177865612648,80.9,79.77,966.5,376.531026962584,2.68468779375919,1535691.0,49.683,37.1017349758859
"Gambia, The",GMB,2003,46.5415019762846,105.41,99.12,1207.7,308.719123437587,2.69312348458537,1577611.0,50.555,37.5997189415948
"Gambia, The",GMB,2004,47.2332015810277,134.21,119.63,1179.0,593.285346326581,2.73240205558954,1621312.0,51.288,40.8419087092408
"Gambia, The",GMB,2005,47.9249011857708,113.58,105.74,1047.4,616.483657865348,2.78121010687734,1667037.0,52.02,37.7289187149481
"Gambia, The",GMB,2006,49.0118577075099,120.99,111.2,1033.0,614.544307904464,2.852561853424,1715275.0,52.751,31.1899749109051
"Gambia, The",GMB,2007,49.0118577075099,83.16,86.12,805.3,724.726407242432,2.90157035551494,1765774.0,53.481,30.8678394372224
"Gambia, The",GMB,2008,55.9288537549407,125.18,115.32,983.5,859.127671411226,2.90664631280342,1817852.0,54.211,33.6226822428083
"Gambia, The",GMB,2009,61.4624505928854,150.82,133.75,1058.1,774.888030908091,2.90429853945953,1871422.0,54.937,39.0127342456712
"Gambia, The",GMB,2010,63.6363636363636,171.86,147.52,1136.4,801.033372714536,2.90737929979677,1926630.0,55.662,45.4547281010804
"Gambia, The",GMB,2011,63.6363636363636,102.57,99.71,879.6,710.608411468152,2.92337692748517,1983784.0,56.384,32.8406257309779
"Gambia, The",GMB,2012,63.6363636363636,131.33,119.79,920.5,692.579361628102,2.94591935774346,2043094.0,57.105,33.1841807085246
"Gambia, The",GMB,2013,63.6363636363636,116.79,109.71,969.6,653.862713272743,2.92894143394412,2103820.0,57.82,37.2824309455002
"Gambia, The",GMB,2014,63.6363636363636,97.31,98.01,753.4,568.00453558864,2.84475839442236,2164528.0,58.528,41.0232109723769
"Gambia, The",GMB,2015,63.6363636363636,110.52,108.07,800.2,619.536364296461,2.73428839872651,2224529.0,59.228,37.3424837563614
"Gambia, The",GMB,2016,63.6363636363636,92.17,93.93,743.9,650.056501323611,2.62819405087404,2283769.0,59.918,43.033803801892
"Gambia, The",GMB,2017,62.6482213438735,76.03,80.78,634.2,642.522641296331,2.52588138504562,2342189.0,60.599,33.0354914197728
"Gambia, The",GMB,2018,62.6482213438735,46.9,56.75,536.8,696.219806960615,2.42294300881827,2399632.0,61.27,32.235941932741
"Gambia, The",GMB,2019,62.6482213438735,56.47,62.04,461.4,738.186751987483,2.35622071960344,2456844.0,61.931,33.1605556156461
"Gambia, The",GMB,2020,62.6482213438735,59.57,63.22,656.3,720.335143352133,2.3686612920428,2515733.0,62.582,28.8139237329338
Ghana,GHA,2000,56.1023121209458,51.53,52.11,1309.2,253.746936203344,2.51243583964957,19637087.0,43.929,12.7592190948003
Ghana,GHA,2001,56.6846743429727,53.67,54.25,1186.1,263.542156494853,2.6631054412646,20167069.0,44.601,18.1992163313309
Ghana,GHA,2002,57.3546607189945,59.72,60.07,1349.0,297.46164468774,2.75013769977312,20729388.0,45.275,19.5641722154173
Ghana,GHA,2003,55.3358934692801,62.29,62.42,1396.4,358.39927142073,2.69999623325849,21296705.0,45.951,16.1023479327627
Ghana,GHA,2004,52.1647793794498,64.91,64.59,1373.3,406.132105329565,2.64856422445373,21868298.0,46.63,20.7803532130101
Ghana,GHA,2005,53.263512349477,66.73,66.33,1432.3,478.611909191028,2.62275723095941,22449438.0,47.308,13.8967790461099
Ghana,GHA,2006,52.930439922651,68.47,68.26,1334.5,906.441027564887,2.59967236461776,23040702.0,47.988,13.4481786821341
Ghana,GHA,2007,54.8134481849345,66.27,66.65,1317.0,1050.12461524926,2.57742881770877,23642279.0,48.669,14.3991098576178
Ghana,GHA,2008,52.75890261053,74.55,74.63,1598.1,1182.65761256016,2.5377798286274,24249946.0,49.351,14.7565513004193
Ghana,GHA,2009,54.1024233101872,82.22,81.98,1659.8,1047.70430093586,2.49528498609835,24862664.0,50.031,16.336731038405
Ghana,GHA,2010,54.4978377428144,83.88,83.94,1814.3,1263.89251760539,2.43301424000427,25474995.0,50.713,15.3319197029094
Ghana,GHA,2011,54.0909101696405,87.35,87.25,1594.2,1507.43573198753,2.40497145453178,26095088.0,51.394,15.4000827958104
Ghana,GHA,2012,54.277658433682,92.32,92.17,1768.1,1543.77524235764,2.4199090803465,26734268.0,52.073,13.867723380365
Ghana,GHA,2013,54.7731216489409,94.97,94.83,1688.8,2294.79584693743,2.40927930949909,27386193.0,52.748,16.8214830673867
Ghana,GHA,2014,54.3845249186956,99.33,99.06,1703.4,1949.90832923846,2.36498553072391,28041592.0,53.419,20.7085709026088
Ghana,GHA,2015,54.564096422607,99.62,99.74,1830.3,1722.77282833606,2.30712733064921,28696068.0,54.086,15.1631137091062
Ghana,GHA,2016,54.3110758547948,101.05,101.19,1842.4,1912.47991339951,2.27621203911157,29356742.0,54.749,14.6049033294353
Ghana,GHA,2017,53.1069873428848,108.02,107.89,1930.7,2012.28662641265,2.19535792776401,30008354.0,55.407,18.2916723569764
Ghana,GHA,2018,53.694038850312,113.29,113.03,2172.6,2195.32166016377,2.07517136640112,30637585.0,56.06,20.0673120919156
Ghana,GHA,2019,54.8490737607292,119.88,119.42,2346.2,2186.65822682613,2.00780519953703,31258945.0,56.707,17.406953900926
Ghana,GHA,2020,55.393750274689,123.03,122.4,2410.8,2195.45481659987,1.99181985149439,31887809.0,57.349,
Guinea,GIN,2000,57.2361102067394,59.95,55.41,1492.1,518.157066924026,1.96135964318577,8428832.0,30.869,24.1715658601992
Guinea,GIN,2001,57.2297574475012,59.14,55.11,1483.0,483.085120214741,1.3098114321983,8539960.0,31.144,23.4879911036672
Guinea,GIN,2002,57.3726965651962,61.9,58.16,1487.2,495.916073559269,1.55813303817429,8674066.0,31.42,23.0791736712276
Guinea,GIN,2003,57.441909490477,64.75,61.0,1484.8,566.48540588068,2.24251877202579,8870781.0,31.698,
Guinea,GIN,2004,57.4635398014,67.28,63.71,1491.3,584.897740538081,2.14071157501219,9062726.0,31.977,19.3323496375987
Guinea,GIN,2005,57.5021040208367,69.98,66.51,1495.6,463.17768685098,2.00041954618802,9245844.0,32.257,15.8383082816304
Guinea,GIN,2006,57.7930225459873,71.81,68.82,1502.0,446.980554135013,2.09058658116716,9441171.0,32.539,25.6182687654943
Guinea,GIN,2007,58.318871479733,74.78,71.81,1514.0,650.148575304743,2.31497296404672,9662281.0,32.822,16.9118340979961
Guinea,GIN,2008,58.9289268272831,78.51,75.63,1464.7,703.532825784369,2.41908604968745,9898870.0,33.106,13.2340260831581
Guinea,GIN,2009,58.4625895328016,77.57,75.54,1484.3,662.185914665575,2.44158489420853,10143534.0,33.391,
Guinea,GIN,2010,61.2889772912258,83.16,81.92,1184.7,659.235326211315,2.45929310036327,10396086.0,33.678,
Guinea,GIN,2011,61.4914850236041,87.44,86.38,1226.0,636.694958747648,2.47697352651722,10656810.0,33.966,
Guinea,GIN,2012,63.3314846166368,89.33,88.68,1152.2,699.353377212197,2.45416156342286,10921581.0,34.255,
Guinea,GIN,2013,63.6899243040859,92.51,92.35,1189.6,748.455020824734,2.44471498509098,11191873.0,34.545,21.654251873358
Guinea,GIN,2014,65.2257594009442,95.56,95.45,1123.0,765.146999389279,2.48019346390261,11472924.0,34.836,25.3527989641689
Guinea,GIN,2015,66.0886985186391,100.14,99.94,1122.4,747.356966759448,2.53151277572433,11767070.0,35.141,23.4474279327957
Guinea,GIN,2016,66.5092104834771,104.3,104.6,1155.5,711.996509782316,2.56690869267138,12073030.0,35.46,26.5754022109152
Guinea,GIN,2017,67.2847460524174,110.06,110.68,1165.4,833.598621691121,2.55652318226129,12385659.0,35.793,
Guinea,GIN,2018,67.9785214878724,115.09,115.61,1186.7,933.273615633705,2.54385572881799,12704774.0,36.14,
Guinea,GIN,2019,67.8754985349178,124.24,124.53,1257.9,1031.34146480732,2.56100451729991,13034346.0,36.5,
Guinea,GIN,2020,69.0973453524337,136.83,131.33,1323.7,1053.66097696415,2.55139953603925,13371183.0,36.875,
Guinea-Bissau,GNB,2000,23.5817923186344,66.45,66.27,1097.0,316.945495037639,2.00706384351502,1234741.0,36.243,
Guinea-Bissau,GNB,2001,23.8821123755334,68.37,67.89,1004.9,327.138431972397,2.12602969093669,1261273.0,36.622,
Guinea-Bissau,GNB,2002,24.1824324324324,68.18,67.79,1067.3,362.034574570354,2.19833363261225,1289307.0,37.004,
Guinea-Bissau,GNB,2003,24.4827524893314,67.27,68.21,1075.9,419.78486611807,2.26219170729877,1318806.0,37.387,62.416018386306
Guinea-Bissau,GNB,2004,24.7830725462304,70.99,71.11,1164.0,431.376557669634,2.30540545476551,1349563.0,37.772,39.1822412796123
Guinea-Bissau,GNB,2005,25.0833926031294,76.15,75.69,1325.6,463.073962650452,2.34505544706955,1381585.0,38.157,50.6918420625702
Guinea-Bissau,GNB,2006,25.3837126600285,78.96,78.52,1412.6,448.513075469701,2.41122516333709,1415303.0,38.545,
Guinea-Bissau,GNB,2007,25.6840327169275,78.64,78.81,1346.1,519.069789794741,2.48996828898925,1450986.0,38.934,
Guinea-Bissau,GNB,2008,25.9843527738265,91.37,90.83,1490.3,640.210331101753,2.52259007377628,1488054.0,39.325,
Guinea-Bissau,GNB,2009,26.2846728307255,89.33,89.23,1632.2,583.190020139094,2.54277273891846,1526377.0,39.716,
Guinea-Bissau,GNB,2010,26.5849928876245,95.51,95.17,1723.8,600.194298540768,2.58492032110101,1566347.0,40.111,
Guinea-Bissau,GNB,2011,26.8852773826458,91.25,92.48,1588.7,719.539573498937,2.62922766462762,1608076.0,40.508,
Guinea-Bissau,GNB,2012,27.1855618776671,97.93,98.46,1512.1,635.461653303881,2.65952739224803,1651417.0,40.908,
Guinea-Bissau,GNB,2013,27.4858463726885,99.75,100.73,1397.7,654.304534409417,2.66229101877146,1695973.0,41.31,
Guinea-Bissau,GNB,2014,27.7861308677098,93.88,95.56,1394.8,652.022501029449,2.62731155689981,1741122.0,41.715,40.5558343745731
Guinea-Bissau,GNB,2015,28.0864153627312,101.55,100.94,1402.1,645.066837207039,2.57045957815277,1786457.0,42.123,50.4525371630079
Guinea-Bissau,GNB,2016,28.2661948790896,104.57,103.5,1414.4,679.665386626818,2.51155296505032,1831893.0,42.533,46.1130322244442
Guinea-Bissau,GNB,2017,28.2675711237553,105.68,105.11,1385.9,783.123186602022,2.4363257519627,1877072.0,42.945,46.0194884082423
Guinea-Bissau,GNB,2018,28.8265931721195,109.52,107.12,1397.3,808.531613218504,2.37405997248475,1922168.0,43.36,41.7103517219214
Guinea-Bissau,GNB,2019,28.9961806543385,115.72,112.35,1287.3,807.425524872835,2.34095994762157,1967696.0,43.777,
Guinea-Bissau,GNB,2020,29.2517034139403,121.08,116.72,1343.2,836.26731423732,2.28895000835492,2013255.0,44.196,
Liberia,LBR,2000,14.1934821428571,88.41,68.85,1278.0,298.485340578945,3.70256844774732,2928117.0,44.331,
Liberia,LBR,2001,14.5067794850498,86.5,66.58,1115.4,300.463828598983,2.9352375714594,3015338.0,44.673,
Liberia,LBR,2002,14.8211409883721,84.59,64.36,916.7,299.536445539621,2.60055374367034,3094782.0,45.017,
Liberia,LBR,2003,15.1354640780731,84.04,64.5,833.3,239.779556677091,0.79655231018503,3119532.0,45.361,
Liberia,LBR,2004,15.449584717608,87.3,66.09,916.7,284.140223992458,1.19050087276777,3156892.0,45.706,
Liberia,LBR,2005,15.75958160299,90.71,70.52,1290.0,287.487333441381,4.46419976403406,3301015.0,46.051,
Liberia,LBR,2006,16.0693563122924,87.51,72.46,1261.5,320.55808618515,5.58972152870902,3490787.0,46.396,
Liberia,LBR,2007,16.3743864202658,100.98,79.52,1448.8,374.211308104278,4.98055607463838,3669050.0,46.742,
Liberia,LBR,2008,16.6862728405316,97.42,86.04,1553.4,451.713856283285,4.05801806274783,3821003.0,47.088,
Liberia,LBR,2009,16.9967929817276,90.28,86.47,1183.5,448.386367025545,3.14360024630264,3943028.0,47.445,
Liberia,LBR,2010,17.3072529069767,91.79,88.49,1178.6,492.252808033724,2.89605811562763,4058890.0,47.813,
Liberia,LBR,2011,17.6148162375415,93.96,91.39,1173.1,568.087865520004,3.92046987945605,4221178.0,48.193,
Liberia,LBR,2012,17.926040282392,99.98,93.77,1285.3,638.368751462083,3.53448694358844,4373043.0,48.583,
Liberia,LBR,2013,18.2366206395349,95.93,90.39,1250.1,710.744570927863,2.19827693086756,4470239.0,48.985,
Liberia,LBR,2014,18.5462344269103,90.47,92.45,1172.0,706.714490064507,2.08217532534285,4564293.0,49.397,
Liberia,LBR,2015,18.8585257475083,97.33,96.64,1129.1,692.590082351257,2.06297096669961,4659431.0,49.82,
Liberia,LBR,2016,19.1702938122924,112.21,110.91,1073.2,714.613063145659,2.04312155500225,4755608.0,50.254,
Liberia,LBR,2017,19.4838901578073,94.53,92.63,1059.5,699.269095727404,1.94324776688719,4848925.0,50.697,26.5597866091246
Liberia,LBR,2018,19.7975892857143,99.78,94.53,1083.6,692.203127129794,1.95645231379837,4944726.0,51.151,21.8434167528347
Liberia,LBR,2019,19.9651162790698,106.06,97.46,1128.2,658.164180770507,1.98225492944197,5043721.0,51.615,28.2606821738141
Liberia,LBR,2020,19.9651162790698,108.58,100.6,1148.1,616.787867006715,2.07483340649162,5149463.0,52.089,25.8661754983841
Mali,MLI,2000,31.687687983019,36.19,42.74,1006.5,256.199554978241,2.91308874187569,11559290.0,28.356,14.0307573183783
Mali,MLI,2001,32.2154746391955,43.82,44.28,986.3,291.159497911347,3.00701165563643,11912158.0,29.075,14.3209096637092
Mali,MLI,2002,32.5228038256337,40.28,44.0,788.6,318.042432039222,3.10676861781848,12288050.0,29.806,17.7394509429263
Mali,MLI,2003,33.3767691916833,51.11,51.95,981.4,371.627016389759,3.17894001404545,12684955.0,30.547,17.9652369506671
Mali,MLI,2004,32.5285406371139,46.53,49.59,1206.5,542.887347640863,3.23794608826987,13102409.0,31.3,13.6899106078829
Mali,MLI,2005,33.103041329629,50.98,56.13,1089.5,591.630393473705,3.27522299158149,13538647.0,32.06,16.4928664802613
Mali,MLI,2006,33.1636876224195,49.99,56.84,1124.8,633.221946737432,3.2804387949943,13990139.0,32.832,17.2549055068181
Mali,MLI,2007,33.2710479515485,53.18,66.48,1101.2,711.675463215078,3.28796078422057,14457775.0,33.612,14.8063693888379
Mali,MLI,2008,33.4627970234144,63.44,76.8,1397.7,820.715705601841,3.2862188900418,14940782.0,34.403,12.4485027598927
Mali,MLI,2009,33.6473069767823,71.06,83.77,1800.4,815.78868795173,3.25780569403424,15435539.0,35.2,
Mali,MLI,2010,33.6631545906785,72.0,80.17,1452.8,827.617660082715,3.2485140091385,15945198.0,35.999,11.6292930550393
Mali,MLI,2011,33.8087234774912,83.24,87.96,1046.8,941.574944706639,3.23250831038309,16469049.0,36.799,13.7300229175172
Mali,MLI,2012,33.9656543653038,85.25,87.28,1506.8,878.217175344858,2.91998728475051,16957033.0,37.599,13.6844691760277
Mali,MLI,2013,34.1165621747433,90.04,90.94,1512.4,903.190452512378,2.92078257453733,17459615.0,38.398,
Mali,MLI,2014,34.2535671493784,89.18,89.03,1550.7,940.243260037952,3.16065691731413,18020267.0,39.196,
Mali,MLI,2015,34.3826333603783,96.9,98.09,1575.5,838.11986940103,3.1289280097663,18593022.0,39.991,
Mali,MLI,2016,34.6059572689499,113.91,112.88,1607.5,872.468587171653,3.16701291267986,19191289.0,40.783,16.1206377359036
Mali,MLI,2017,34.7400371253657,115.23,113.15,1601.9,924.057531692284,3.18823649379751,19813011.0,41.572,16.8688060349601
Mali,MLI,2018,34.911642121309,125.08,123.73,1728.9,996.379292136901,3.1254232369578,20442030.0,42.356,14.6304765515477
Mali,MLI,2019,35.0888286250502,128.69,127.62,1767.7,971.949318638092,3.01814494306617,21068405.0,43.136,13.9028278784805
Mali,MLI,2020,35.2476788860751,126.5,136.86,1686.0,953.242943290974,3.01751361469378,21713836.0,43.909,
Niger,NER,2000,29.2097576379569,29.26,37.45,289.2,194.771959898935,3.46716382832898,11509630.0,16.186,38.5463277247556
Niger,NER,2001,29.9992105470909,39.34,45.71,394.4,205.417936120931,3.50878624306039,11920647.0,16.26,45.4352336985795
Niger,NER,2002,29.9992105470909,46.11,50.91,422.9,225.294391147438,3.53148102432579,12349144.0,16.255,37.8729406068288
Niger,NER,2003,30.3244651456541,45.73,51.51,429.5,265.225363452469,3.5622769230714,12796984.0,16.251,33.3370097231316
Niger,NER,2004,30.3718323202021,39.59,47.22,341.5,283.468281798296,3.59824904350361,13265836.0,16.247,30.9858485614994
Niger,NER,2005,33.918844240941,49.63,56.59,436.6,318.643121918273,3.62970414217364,13756192.0,16.242,34.2053156102748
Niger,NER,2006,33.9377911107602,54.61,61.24,449.6,333.345078419447,3.65709371425878,14268581.0,16.238,27.8487487516202
Niger,NER,2007,34.5638272677035,56.78,62.32,424.8,387.168065883301,3.68110827846052,14803610.0,16.234,23.6291306529067
Niger,NER,2008,34.5638272677035,74.5,76.05,496.5,475.044955398162,3.70203244818704,15361915.0,16.229,24.8803579492327
Niger,NER,2009,34.5638272677035,58.3,64.59,386.0,461.131533961487,3.71708044318123,15943675.0,16.225,15.5486910629941
Niger,NER,2010,34.7217178495303,83.93,85.36,494.8,474.425692340831,3.72535077368531,16548835.0,16.221,15.117014562534
Niger,NER,2011,35.1164443040973,70.44,74.94,362.8,510.75956176268,3.72138303234104,17176283.0,16.216,15.8333478655778
Niger,NER,2012,35.3532801768375,81.45,84.68,520.3,528.510104469655,3.77324639644684,17836769.0,16.212,31.7171706689323
Niger,NER,2013,36.063787795058,83.34,84.16,407.7,552.103334363117,3.75837207594511,18519898.0,16.208,32.8575055020839
Niger,NER,2014,36.063787795058,90.03,89.86,446.8,565.30989731175,3.6892808045974,19215909.0,16.219,24.7926172231321
Niger,NER,2015,36.0740506828768,100.23,101.19,551.3,485.662574175279,3.69640590007582,19939498.0,16.247,20.9864009654407
Niger,NER,2016,36.6266677192705,109.74,108.95,536.5,502.706475406446,3.67426137513091,20685753.0,16.29,32.4375188073072
Niger,NER,2017,36.7845583010973,110.28,110.48,541.9,521.804130023434,3.56007044831691,21435446.0,16.35,34.7431599441747
Niger,NER,2018,36.7845583010973,121.82,119.84,554.8,578.568035680892,3.45088050525461,22188069.0,16.425,29.856671176357
Niger,NER,2019,36.7845583010973,120.12,119.01,501.5,561.691304349698,3.36654855482346,22947757.0,16.517,27.6878239427059
Niger,NER,2020,36.7845583010973,130.08,128.32,551.9,579.512495758236,3.29977391625444,23717613.0,16.626,30.851228920892
Nigeria,NGA,2000,71.9259527652426,64.38,64.5,1171.5,547.318298903379,2.67439784501828,126382494.0,34.84,19.9176960380601
Nigeria,NGA,2001,71.9951136950053,63.49,64.33,1233.6,566.428231812933,2.7163954653619,129862595.0,35.669,21.7047274781102
Nigeria,NGA,2002,72.1429968049013,66.64,67.65,1255.2,712.164852077686,2.74147056608815,133471989.0,36.508,19.5776400876136
Nigeria,NGA,2003,72.2903585976701,70.19,70.53,1308.8,763.388745367223,2.75673506428828,137202644.0,37.356,15.4964791149288
Nigeria,NGA,2004,72.4230004282091,74.89,75.1,1372.8,962.48104194733,2.77053967849452,141057045.0,38.212,
Nigeria,NGA,2005,72.6595677284056,79.41,79.33,1421.7,1211.37703504386,2.76883385211034,145017253.0,39.074,
Nigeria,NGA,2006,72.4891156933144,85.08,84.33,1507.5,1599.53891556365,2.76124698861505,149077334.0,39.943,17.9553387523989
Nigeria,NGA,2007,72.8452149280279,78.37,79.1,1399.8,1815.52697545827,2.77180099910734,153267261.0,40.819,20.0580120299638
Nigeria,NGA,2008,72.9865472073081,83.65,84.11,1598.4,2154.10543545364,2.78453384410814,157595014.0,41.702,9.77879049256357
Nigeria,NGA,2009,73.3955856033905,73.67,75.54,1531.1,1820.48633854782,2.78730820935027,162049464.0,42.588,11.8280770468373
Nigeria,NGA,2010,73.5782454406711,84.62,85.24,1528.0,2202.25672957344,2.795149361277,166642886.0,43.48,10.2515671536613
Nigeria,NGA,2011,73.6439752077912,78.01,78.94,1334.4,2418.41316975875,2.80278519998649,171379598.0,44.366,30.5695044434974
Nigeria,NGA,2012,73.9219975405426,86.87,86.95,1399.0,2633.19734671361,2.77422930277333,176200625.0,45.246,22.70974247371
Nigeria,NGA,2013,73.741543638899,83.37,84.66,1234.7,2872.79083379398,2.71468991073627,181049443.0,46.118,17.829389789971
Nigeria,NGA,2014,73.9018790693589,95.08,95.48,1552.4,3088.72131316169,2.64221399374699,185896915.0,46.982,17.0271647267489
Nigeria,NGA,2015,74.1262080437432,97.29,97.74,1552.7,2585.73360671797,2.53617348598208,190671878.0,47.838,16.9489167794717
Nigeria,NGA,2016,74.354085114793,107.64,106.78,1733.4,2070.4127339595,2.47183239057048,195443700.0,48.683,12.8506008688749
Nigeria,NGA,2017,74.5368870296562,109.74,109.08,1614.7,1876.34027111773,2.43170936923065,200254579.0,49.519,16.315758249379
Nigeria,NGA,2018,74.9387563270639,114.88,114.06,1684.2,2057.87944554011,2.31217263003389,204938755.0,50.344,10.9317924691619
Nigeria,NGA,2019,75.0548910262745,109.64,109.77,1628.2,2265.15520863056,2.1944019229433,209485641.0,51.157,9.91577486664113
Nigeria,NGA,2020,75.6097679985068,112.71,112.64,1620.5,2019.65706326224,2.13029714344341,213996181.0,51.958,14.6260809363327
Senegal,SEN,2000,46.8861995533164,74.48,69.3,879.4,603.233162455158,2.41009917724256,9968260.0,40.32,23.3060482364924
Senegal,SEN,2001,45.7019685243858,68.98,65.23,887.1,637.213530563724,2.42496943712898,10212942.0,40.464,26.7721579084306
Senegal,SEN,2002,45.4474627330806,41.41,44.04,651.6,669.430447319209,2.44966153599012,10466214.0,40.607,26.070214194478
Senegal,SEN,2003,44.8345712356516,62.92,60.01,1090.7,817.888034221442,2.40684962152091,10721176.0,40.898,29.5982982623442
Senegal,SEN,2004,45.1202410014024,62.64,60.36,974.5,918.102079522155,2.34632515714346,10975704.0,41.306,28.2581997010509
Senegal,SEN,2005,45.5825066223446,73.26,69.18,1201.1,979.846101520171,2.33918136359556,11235472.0,41.714,28.1392529781177
Senegal,SEN,2006,44.0970238404404,57.8,58.9,879.0,1017.20196747987,2.32792929230269,11500094.0,42.124,23.3837753137178
Senegal,SEN,2007,44.1645457850725,50.96,53.12,722.5,1188.93877808175,2.32279384441662,11770344.0,42.535,25.0577923863196
Senegal,SEN,2008,48.1743104970654,86.89,80.36,1174.2,1398.79218010021,2.3395118470328,12048959.0,42.947,25.9384236127982
Senegal,SEN,2009,48.1898924842882,95.74,88.89,1134.6,1308.69404336205,2.36561415953051,12337389.0,43.359,24.1929512394574
Senegal,SEN,2010,48.1898924842882,106.5,97.29,1196.5,1275.88357492357,2.38690195279185,12635413.0,43.773,22.4086929183221
Senegal,SEN,2011,46.5641718173791,65.99,68.54,966.9,1374.67591873844,2.52791519909846,12958897.0,44.188,22.9458522824339
Senegal,SEN,2012,46.5641718173791,80.04,82.3,1221.3,1326.83798848379,2.67702425205872,13310495.0,44.603,24.1457936923786
Senegal,SEN,2013,46.5797538046019,76.12,82.41,1124.1,1379.83196553924,2.96345954605318,13710849.0,45.019,24.2283715794474
Senegal,SEN,2014,46.6005297875656,80.07,84.48,1111.5,1398.89137601382,3.16757470346908,14152102.0,45.436,22.7818492675942
Senegal,SEN,2015,48.4495922713343,114.05,110.23,1376.1,1218.00613555438,3.07014792428801,14593331.0,45.862,21.6889354846993
Senegal,SEN,2016,48.2418324416974,105.88,105.29,1350.6,1266.43957151587,2.97843134010735,15034521.0,46.296,23.3512105457828
Senegal,SEN,2017,48.4236222926297,141.51,134.25,1476.2,1356.80518449031,2.88769908740551,15475002.0,46.74,23.9899933080167
Senegal,SEN,2018,48.605412143562,166.28,152.86,1644.3,1452.55612562445,2.8004569855314,15914498.0,47.192,21.0437172546777
Senegal,SEN,2019,48.7975899859762,165.89,153.59,1601.3,1431.18128932159,2.71760793051867,16352922.0,47.653,19.6091616510218
Senegal,SEN,2020,48.9793798369085,203.82,183.45,1821.6,1461.08720350553,2.63303572524896,16789219.0,48.122,24.0121646294358
Sierra Leone,SLE,2000,38.9304516486561,29.01,29.2,1078.2,143.743743239644,2.41540405213567,4423611.0,35.626,32.7205914951577
Sierra Leone,SLE,2001,41.5838182321973,34.74,33.02,998.2,358.315716051546,5.90551884410875,4692716.0,35.867,
Sierra Leone,SLE,2002,44.7503463563314,41.89,39.59,995.9,388.995111216836,5.76970115082171,4971435.0,36.109,22.529513399096
Sierra Leone,SLE,2003,49.4135494596841,60.28,56.96,1011.8,413.817607346927,4.06499006251213,5177687.0,36.352,
Sierra Leone,SLE,2004,52.2683568855639,66.79,63.39,1000.3,417.749983329227,3.38061570413438,5355717.0,36.596,
Sierra Leone,SLE,2005,52.8126904959823,66.32,63.91,1117.8,462.633324427945,2.68947280362006,5501712.0,36.919,
Sierra Leone,SLE,2006,55.8309781102799,80.42,78.03,1347.6,580.26796974773,2.2066693720303,5624466.0,37.303,
Sierra Leone,SLE,2007,50.2039346079246,68.69,67.58,1290.4,631.889926264998,2.19611425557566,5749352.0,37.689,
Sierra Leone,SLE,2008,51.430174563591,72.96,72.45,1350.9,705.359014080005,2.49702214618885,5894722.0,38.077,
Sierra Leone,SLE,2009,52.6596009975062,90.27,89.75,1645.9,652.845806767943,2.69336857329164,6055646.0,38.466,
Sierra Leone,SLE,2010,54.4524799113328,102.26,101.5,1747.2,685.039673490948,2.72150859888002,6222714.0,38.856,
Sierra Leone,SLE,2011,55.6612635078969,109.17,108.49,1751.1,761.146365577281,2.60978263924562,6387251.0,39.248,
Sierra Leone,SLE,2012,53.1539207536714,112.75,112.0,1539.0,937.504428180231,2.53259491687101,6551080.0,39.642,
Sierra Leone,SLE,2013,54.7055971183153,118.71,117.5,1777.5,1117.47183075115,2.45725730456865,6714051.0,40.036,
Sierra Leone,SLE,2014,54.7104461069548,110.39,110.05,1519.7,1117.7586465721,2.38905832119365,6876385.0,40.432,10.9656716553765
Sierra Leone,SLE,2015,54.7104461069548,96.14,96.35,1339.7,964.575980888989,2.31819402812025,7037655.0,40.829,20.7188415859113
Sierra Leone,SLE,2016,54.7104461069548,93.47,93.6,1092.3,844.416411175476,2.35457342669593,7205328.0,41.228,28.4812386604009
Sierra Leone,SLE,2017,54.7104461069548,83.94,84.47,1141.7,779.186007841728,2.38578952940087,7379299.0,41.636,32.5675100405142
Sierra Leone,SLE,2018,54.7104461069548,89.0,88.66,813.0,845.914540460932,2.34731039123252,7554563.0,42.055,32.2868033846246
Sierra Leone,SLE,2019,54.7104461069548,77.42,78.32,1523.0,844.049555179116,2.32146457882717,7731991.0,42.484,
Sierra Leone,SLE,2020,54.7104461069548,91.15,91.46,1633.7,845.982914284565,2.30847202655897,7912558.0,42.923,
Togo,TGO,2000,62.5114910829197,63.8,61.66,1058.3,409.889802792768,2.75685668978126,5140037.0,32.907,18.3773280450188
Togo,TGO,2001,62.8792057363486,71.75,65.73,1150.3,396.692654520135,2.63698635340958,5277382.0,33.356,22.7769359094111
Togo,TGO,2002,63.2469203897775,71.94,64.63,1131.1,445.238691488925,2.54239439953807,5413274.0,33.809,22.1250762560044
Togo,TGO,2003,63.6146350432065,70.41,65.22,1154.7,538.16537776929,2.53342165886308,5552167.0,34.265,17.1155288446436
Togo,TGO,2004,63.9823496966354,73.43,67.79,1094.8,560.266308533382,2.56650535233,5696508.0,34.724,18.1388978474055
Togo,TGO,2005,64.7177790034933,69.43,73.34,1132.6,551.259850017077,2.56701065239466,5844631.0,35.185,15.5315633580549
Togo,TGO,2006,65.6370656370656,72.85,78.99,1130.7,552.50227125256,2.80124284070489,6010668.0,35.649,
Togo,TGO,2007,66.0967089538518,75.2,80.87,1121.6,607.588224471809,2.91316321758797,6188344.0,36.116,14.6371119232388
Togo,TGO,2008,66.8321382607097,81.26,89.1,1144.4,718.948786366771,2.87454303428326,6368812.0,36.587,10.1452328462736
Togo,TGO,2009,67.1998529141386,87.3,96.58,1242.9,720.694168794129,2.83367889670304,6551865.0,37.058,12.8785118934024
Togo,TGO,2010,67.3837102408531,88.66,94.72,1187.4,704.987164181378,2.72101716624637,6732590.0,37.533,13.2994494063976
Togo,TGO,2011,67.3837102408531,99.23,102.45,1226.3,783.989380490906,2.69461885935872,6916474.0,38.032,13.2979116735176
Togo,TGO,2012,70.7850707850708,96.27,98.81,1112.4,762.392047587088,2.62923384476283,7100736.0,38.546,14.6596916444401
Togo,TGO,2013,70.2334988049274,89.77,92.82,1090.1,826.543259457126,2.56796697750519,7285442.0,39.061,12.387778635188
Togo,TGO,2014,70.2334988049274,102.38,100.84,1153.1,855.585284856656,2.53448135308774,7472450.0,39.579,13.9121248234354
Togo,TGO,2015,70.2334988049274,97.1,98.5,1236.2,751.052405084336,2.52060746648904,7663195.0,40.1,15.0602143849859
Togo,TGO,2016,70.2334988049274,100.52,100.67,1130.8,772.581787093976,2.51398996486491,7858289.0,40.628,14.5383366978512
Togo,TGO,2017,70.2334988049274,105.63,105.89,1137.2,792.765487219069,2.49897565726694,8057140.0,41.162,19.3969301241103
Togo,TGO,2018,70.2334988049274,111.28,110.32,1145.2,851.130806891807,2.47179798610782,8258778.0,41.702,17.4032547222881
Togo,TGO,2019,70.2334988049274,112.96,114.05,1143.0,826.260654099894,2.44351209316794,8463068.0,42.248,17.818209441345
Togo,TGO,2020,70.2334988049274,112.72,116.4,1150.3,853.578220263722,2.41247393684318,8669720.0,42.8,17.4340946357038
